﻿{"computers":[{"Properties":{"haslaps":false,"highvalue":false,"name":"DCORP-MSSQL.DOLLARCORP.MONEYCORP.LOCAL","domain":"DOLLARCORP.MONEYCORP.LOCAL","objectid":"S-1-5-21-1874506631-3219952063-538504511-1111","distinguishedname":"CN=DCORP-MSSQL,OU=Servers,DC=dollarcorp,DC=moneycorp,DC=local","description":null,"enabled":true,"unconstraineddelegation":false,"serviceprincipalnames":["MSSQLSvc/dcorp-mssql.dollarcorp.moneycorp.local:1433","MSSQLSvc/dcorp-mssql.dollarcorp.moneycorp.local","TERMSRV/DCORP-MSSQL","TERMSRV/dcorp-mssql.dollarcorp.moneycorp.local","WSMAN/dcorp-mssql","WSMAN/dcorp-mssql.dollarcorp.moneycorp.local","RestrictedKrbHost/DCORP-MSSQL","HOST/DCORP-MSSQL","RestrictedKrbHost/dcorp-mssql.dollarcorp.moneycorp.local","HOST/dcorp-mssql.dollarcorp.moneycorp.local"],"lastlogontimestamp":1663225450,"pwdlastset":1553661260,"operatingsystem":"Windows Server 2016 Standard"},"AllowedToDelegate":[],"AllowedToAct":[],"PrimaryGroupSid":"S-1-5-21-1874506631-3219952063-538504511-515","Sessions":[{"UserId":"S-1-5-21-1874506631-3219952063-538504511-1112","ComputerId":"S-1-5-21-1874506631-3219952063-538504511-1111"}],"LocalAdmins":[],"RemoteDesktopUsers":[],"DcomUsers":[],"PSRemoteUsers":[],"ObjectIdentifier":"S-1-5-21-1874506631-3219952063-538504511-1111","Aces":[{"PrincipalSID":"S-1-5-21-1874506631-3219952063-538504511-512","PrincipalType":"Group","RightName":"Owner","AceType":"","IsInherited":false},{"PrincipalSID":"DOLLARCORP.MONEYCORP.LOCAL-S-1-5-32-548","PrincipalType":"Group","RightName":"GenericAll","AceType":"","IsInherited":false},{"PrincipalSID":"S-1-5-21-1874506631-3219952063-538504511-512","PrincipalType":"Group","RightName":"GenericAll","AceType":"","IsInherited":false},{"PrincipalSID":"S-1-5-21-280534878-1496970234-700767426-519","PrincipalType":"Unknown","RightName":"GenericAll","AceType":"","IsInherited":true},{"PrincipalSID":"DOLLARCORP.MONEYCORP.LOCAL-S-1-5-32-544","PrincipalType":"Group","RightName":"WriteDacl","AceType":"","IsInherited":true},{"PrincipalSID":"DOLLARCORP.MONEYCORP.LOCAL-S-1-5-32-544","PrincipalType":"Group","RightName":"WriteOwner","AceType":"","IsInherited":true},{"PrincipalSID":"DOLLARCORP.MONEYCORP.LOCAL-S-1-5-32-544","PrincipalType":"Group","RightName":"GenericWrite","AceType":"","IsInherited":true}]},{"Properties":{"haslaps":false,"highvalue":false,"name":"DCORP-STD605.DOLLARCORP.MONEYCORP.LOCAL","domain":"DOLLARCORP.MONEYCORP.LOCAL","objectid":"S-1-5-21-1874506631-3219952063-538504511-49667","distinguishedname":"CN=DCORP-STD605,OU=StudentMachines,DC=dollarcorp,DC=moneycorp,DC=local","description":null,"enabled":true,"unconstraineddelegation":false,"serviceprincipalnames":["TERMSRV/DCORP-STD605","TERMSRV/dcorp-std605.dollarcorp.moneycorp.local","RestrictedKrbHost/DCORP-STD605","HOST/DCORP-STD605","RestrictedKrbHost/dcorp-std605.dollarcorp.moneycorp.local","HOST/dcorp-std605.dollarcorp.moneycorp.local"],"lastlogontimestamp":1663226252,"pwdlastset":1652362721,"operatingsystem":"Windows Server 2016 Standard"},"AllowedToDelegate":[],"AllowedToAct":[],"PrimaryGroupSid":"S-1-5-21-1874506631-3219952063-538504511-515","Sessions":[{"UserId":"S-1-5-21-1874506631-3219952063-538504511-49650","ComputerId":"S-1-5-21-1874506631-3219952063-538504511-49667"}],"LocalAdmins":[{"MemberId":"S-1-5-21-1874506631-3219952063-538504511-512","MemberType":"Group"},{"MemberId":"S-1-5-21-1874506631-3219952063-538504511-49650","MemberType":"User"}],"RemoteDesktopUsers":[{"MemberId":"S-1-5-21-1874506631-3219952063-538504511-49650","MemberType":"User"}],"DcomUsers":[],"PSRemoteUsers":[],"ObjectIdentifier":"S-1-5-21-1874506631-3219952063-538504511-49667","Aces":[{"PrincipalSID":"S-1-5-21-1874506631-3219952063-538504511-512","PrincipalType":"Group","RightName":"Owner","AceType":"","IsInherited":false},{"PrincipalSID":"DOLLARCORP.MONEYCORP.LOCAL-S-1-5-32-548","PrincipalType":"Group","RightName":"GenericAll","AceType":"","IsInherited":false},{"PrincipalSID":"S-1-5-21-1874506631-3219952063-538504511-512","PrincipalType":"Group","RightName":"GenericAll","AceType":"","IsInherited":false},{"PrincipalSID":"S-1-5-21-280534878-1496970234-700767426-519","PrincipalType":"Unknown","RightName":"GenericAll","AceType":"","IsInherited":true},{"PrincipalSID":"DOLLARCORP.MONEYCORP.LOCAL-S-1-5-32-544","PrincipalType":"Group","RightName":"WriteDacl","AceType":"","IsInherited":true},{"PrincipalSID":"DOLLARCORP.MONEYCORP.LOCAL-S-1-5-32-544","PrincipalType":"Group","RightName":"WriteOwner","AceType":"","IsInherited":true},{"PrincipalSID":"DOLLARCORP.MONEYCORP.LOCAL-S-1-5-32-544","PrincipalType":"Group","RightName":"GenericWrite","AceType":"","IsInherited":true}]},{"Properties":{"haslaps":false,"highvalue":false,"name":"DCORP-MGMT.DOLLARCORP.MONEYCORP.LOCAL","domain":"DOLLARCORP.MONEYCORP.LOCAL","objectid":"S-1-5-21-1874506631-3219952063-538504511-1108","distinguishedname":"CN=DCORP-MGMT,OU=Servers,DC=dollarcorp,DC=moneycorp,DC=local","description":null,"enabled":true,"unconstraineddelegation":false,"serviceprincipalnames":["WSMAN/dcorp-mgmt","WSMAN/dcorp-mgmt.dollarcorp.moneycorp.local","TERMSRV/DCORP-MGMT","TERMSRV/dcorp-mgmt.dollarcorp.moneycorp.local","RestrictedKrbHost/DCORP-MGMT","HOST/DCORP-MGMT","RestrictedKrbHost/dcorp-mgmt.dollarcorp.moneycorp.local","HOST/dcorp-mgmt.dollarcorp.moneycorp.local"],"lastlogontimestamp":1663225439,"pwdlastset":1553661235,"operatingsystem":"Windows Server 2016 Standard"},"AllowedToDelegate":[],"AllowedToAct":[],"PrimaryGroupSid":"S-1-5-21-1874506631-3219952063-538504511-515","Sessions":[{"UserId":"S-1-5-21-1874506631-3219952063-538504511-1109","ComputerId":"S-1-5-21-1874506631-3219952063-538504511-1108"},{"UserId":"S-1-5-21-1874506631-3219952063-538504511-1121","ComputerId":"S-1-5-21-1874506631-3219952063-538504511-1108"},{"UserId":"S-1-5-21-1874506631-3219952063-538504511-1122","ComputerId":"S-1-5-21-1874506631-3219952063-538504511-1108"}],"LocalAdmins":[],"RemoteDesktopUsers":[],"DcomUsers":[],"PSRemoteUsers":[],"ObjectIdentifier":"S-1-5-21-1874506631-3219952063-538504511-1108","Aces":[{"PrincipalSID":"S-1-5-21-1874506631-3219952063-538504511-512","PrincipalType":"Group","RightName":"Owner","AceType":"","IsInherited":false},{"PrincipalSID":"DOLLARCORP.MONEYCORP.LOCAL-S-1-5-32-548","PrincipalType":"Group","RightName":"GenericAll","AceType":"","IsInherited":false},{"PrincipalSID":"S-1-5-21-1874506631-3219952063-538504511-512","PrincipalType":"Group","RightName":"GenericAll","AceType":"","IsInherited":false},{"PrincipalSID":"S-1-5-21-280534878-1496970234-700767426-519","PrincipalType":"Unknown","RightName":"GenericAll","AceType":"","IsInherited":true},{"PrincipalSID":"DOLLARCORP.MONEYCORP.LOCAL-S-1-5-32-544","PrincipalType":"Group","RightName":"WriteDacl","AceType":"","IsInherited":true},{"PrincipalSID":"DOLLARCORP.MONEYCORP.LOCAL-S-1-5-32-544","PrincipalType":"Group","RightName":"WriteOwner","AceType":"","IsInherited":true},{"PrincipalSID":"DOLLARCORP.MONEYCORP.LOCAL-S-1-5-32-544","PrincipalType":"Group","RightName":"GenericWrite","AceType":"","IsInherited":true}]},{"Properties":{"haslaps":false,"highvalue":false,"name":"DCORP-DC.DOLLARCORP.MONEYCORP.LOCAL","domain":"DOLLARCORP.MONEYCORP.LOCAL","objectid":"S-1-5-21-1874506631-3219952063-538504511-1000","distinguishedname":"CN=DCORP-DC,OU=Domain Controllers,DC=dollarcorp,DC=moneycorp,DC=local","description":null,"enabled":true,"unconstraineddelegation":true,"serviceprincipalnames":["ldap/dcorp-dc.dollarcorp.moneycorp.local/DomainDnsZones.dollarcorp.moneycorp.local","TERMSRV/DCORP-DC","TERMSRV/dcorp-dc.dollarcorp.moneycorp.local","Dfsr-12F9A27C-BF97-4787-9364-D31B6C55EB04/dcorp-dc.dollarcorp.moneycorp.local","ldap/dcorp-dc.dollarcorp.moneycorp.local/ForestDnsZones.moneycorp.local","DNS/dcorp-dc.dollarcorp.moneycorp.local","GC/dcorp-dc.dollarcorp.moneycorp.local/moneycorp.local","RestrictedKrbHost/dcorp-dc.dollarcorp.moneycorp.local","RestrictedKrbHost/DCORP-DC","RPC/9145a9b9-54d9-4c8d-98ef-c3b22790a5bd._msdcs.moneycorp.local","HOST/DCORP-DC/dcorp","HOST/dcorp-dc.dollarcorp.moneycorp.local/dcorp","HOST/DCORP-DC","HOST/dcorp-dc.dollarcorp.moneycorp.local","HOST/dcorp-dc.dollarcorp.moneycorp.local/dollarcorp.moneycorp.local","E3514235-4B06-11D1-AB04-00C04FC2DCD2/9145a9b9-54d9-4c8d-98ef-c3b22790a5bd/dollarcorp.moneycorp.local","ldap/DCORP-DC/dcorp","ldap/9145a9b9-54d9-4c8d-98ef-c3b22790a5bd._msdcs.moneycorp.local","ldap/dcorp-dc.dollarcorp.moneycorp.local/dcorp","ldap/DCORP-DC","ldap/dcorp-dc.dollarcorp.moneycorp.local","ldap/dcorp-dc.dollarcorp.moneycorp.local/dollarcorp.moneycorp.local"],"lastlogontimestamp":1663225296,"pwdlastset":1660741054,"operatingsystem":"Windows Server 2016 Standard"},"AllowedToDelegate":[],"AllowedToAct":[],"PrimaryGroupSid":"S-1-5-21-1874506631-3219952063-538504511-516","Sessions":[{"UserId":"S-1-5-21-1874506631-3219952063-538504511-49653","ComputerId":"S-1-5-21-1874506631-3219952063-538504511-49670"}],"LocalAdmins":[{"MemberId":"S-1-5-21-1874506631-3219952063-538504511-500","MemberType":"User"},{"MemberId":"S-1-5-21-1874506631-3219952063-538504511-512","MemberType":"Group"},{"MemberId":"S-1-5-21-280534878-1496970234-700767426-519","MemberType":"Unknown"}],"RemoteDesktopUsers":[],"DcomUsers":[],"PSRemoteUsers":[],"ObjectIdentifier":"S-1-5-21-1874506631-3219952063-538504511-1000","Aces":[{"PrincipalSID":"S-1-5-21-1874506631-3219952063-538504511-512","PrincipalType":"Group","RightName":"Owner","AceType":"","IsInherited":false},{"PrincipalSID":"S-1-5-21-1874506631-3219952063-538504511-512","PrincipalType":"Group","RightName":"GenericAll","AceType":"","IsInherited":false},{"PrincipalSID":"S-1-5-21-280534878-1496970234-700767426-519","PrincipalType":"Unknown","RightName":"GenericAll","AceType":"","IsInherited":true},{"PrincipalSID":"DOLLARCORP.MONEYCORP.LOCAL-S-1-5-32-544","PrincipalType":"Group","RightName":"WriteDacl","AceType":"","IsInherited":true},{"PrincipalSID":"DOLLARCORP.MONEYCORP.LOCAL-S-1-5-32-544","PrincipalType":"Group","RightName":"WriteOwner","AceType":"","IsInherited":true},{"PrincipalSID":"DOLLARCORP.MONEYCORP.LOCAL-S-1-5-32-544","PrincipalType":"Group","RightName":"GenericWrite","AceType":"","IsInherited":true}]},{"Properties":{"haslaps":false,"highvalue":false,"name":"DCORP-SQL1.DOLLARCORP.MONEYCORP.LOCAL","domain":"DOLLARCORP.MONEYCORP.LOCAL","objectid":"S-1-5-21-1874506631-3219952063-538504511-1135","distinguishedname":"CN=DCORP-SQL1,OU=Servers,DC=dollarcorp,DC=moneycorp,DC=local","description":null,"enabled":true,"unconstraineddelegation":false,"serviceprincipalnames":["MSSQLSvc/dcorp-sql1.dollarcorp.moneycorp.local:1433","MSSQLSvc/dcorp-sql1.dollarcorp.moneycorp.local","WSMAN/dcorp-sql1","WSMAN/dcorp-sql1.dollarcorp.moneycorp.local","TERMSRV/DCORP-SQL1","TERMSRV/dcorp-sql1.dollarcorp.moneycorp.local","RestrictedKrbHost/DCORP-SQL1","HOST/DCORP-SQL1","RestrictedKrbHost/dcorp-sql1.dollarcorp.moneycorp.local","HOST/dcorp-sql1.dollarcorp.moneycorp.local"],"lastlogontimestamp":1663225462,"pwdlastset":1553661271,"operatingsystem":"Windows Server 2016 Standard"},"AllowedToDelegate":[],"AllowedToAct":[],"PrimaryGroupSid":"S-1-5-21-1874506631-3219952063-538504511-515","Sessions":[{"UserId":"S-1-5-21-1874506631-3219952063-538504511-1136","ComputerId":"S-1-5-21-1874506631-3219952063-538504511-1135"}],"LocalAdmins":[],"RemoteDesktopUsers":[],"DcomUsers":[],"PSRemoteUsers":[],"ObjectIdentifier":"S-1-5-21-1874506631-3219952063-538504511-1135","Aces":[{"PrincipalSID":"S-1-5-21-1874506631-3219952063-538504511-512","PrincipalType":"Group","RightName":"Owner","AceType":"","IsInherited":false},{"PrincipalSID":"DOLLARCORP.MONEYCORP.LOCAL-S-1-5-32-548","PrincipalType":"Group","RightName":"GenericAll","AceType":"","IsInherited":false},{"PrincipalSID":"S-1-5-21-1874506631-3219952063-538504511-512","PrincipalType":"Group","RightName":"GenericAll","AceType":"","IsInherited":false},{"PrincipalSID":"S-1-5-21-280534878-1496970234-700767426-519","PrincipalType":"Unknown","RightName":"GenericAll","AceType":"","IsInherited":true},{"PrincipalSID":"DOLLARCORP.MONEYCORP.LOCAL-S-1-5-32-544","PrincipalType":"Group","RightName":"WriteDacl","AceType":"","IsInherited":true},{"PrincipalSID":"DOLLARCORP.MONEYCORP.LOCAL-S-1-5-32-544","PrincipalType":"Group","RightName":"WriteOwner","AceType":"","IsInherited":true},{"PrincipalSID":"DOLLARCORP.MONEYCORP.LOCAL-S-1-5-32-544","PrincipalType":"Group","RightName":"GenericWrite","AceType":"","IsInherited":true}]},{"Properties":{"haslaps":false,"highvalue":false,"name":"DCORP-CI.DOLLARCORP.MONEYCORP.LOCAL","domain":"DOLLARCORP.MONEYCORP.LOCAL","objectid":"S-1-5-21-1874506631-3219952063-538504511-1110","distinguishedname":"CN=DCORP-CI,OU=Servers,DC=dollarcorp,DC=moneycorp,DC=local","description":null,"enabled":true,"unconstraineddelegation":false,"serviceprincipalnames":["WSMAN/dcorp-ci","WSMAN/dcorp-ci.dollarcorp.moneycorp.local","TERMSRV/DCORP-CI","TERMSRV/dcorp-ci.dollarcorp.moneycorp.local","RestrictedKrbHost/DCORP-CI","HOST/DCORP-CI","RestrictedKrbHost/dcorp-ci.dollarcorp.moneycorp.local","HOST/dcorp-ci.dollarcorp.moneycorp.local"],"lastlogontimestamp":1663225487,"pwdlastset":1555742194,"operatingsystem":"Windows Server 2016 Standard"},"AllowedToDelegate":[],"AllowedToAct":[],"PrimaryGroupSid":"S-1-5-21-1874506631-3219952063-538504511-515","Sessions":[{"UserId":"S-1-5-21-1874506631-3219952063-538504511-1109","ComputerId":"S-1-5-21-1874506631-3219952063-538504511-1110"}],"LocalAdmins":[],"RemoteDesktopUsers":[],"DcomUsers":[],"PSRemoteUsers":[],"ObjectIdentifier":"S-1-5-21-1874506631-3219952063-538504511-1110","Aces":[{"PrincipalSID":"S-1-5-21-1874506631-3219952063-538504511-512","PrincipalType":"Group","RightName":"Owner","AceType":"","IsInherited":false},{"PrincipalSID":"DOLLARCORP.MONEYCORP.LOCAL-S-1-5-32-548","PrincipalType":"Group","RightName":"GenericAll","AceType":"","IsInherited":false},{"PrincipalSID":"S-1-5-21-1874506631-3219952063-538504511-512","PrincipalType":"Group","RightName":"GenericAll","AceType":"","IsInherited":false},{"PrincipalSID":"S-1-5-21-280534878-1496970234-700767426-519","PrincipalType":"Unknown","RightName":"GenericAll","AceType":"","IsInherited":true},{"PrincipalSID":"DOLLARCORP.MONEYCORP.LOCAL-S-1-5-32-544","PrincipalType":"Group","RightName":"WriteDacl","AceType":"","IsInherited":true},{"PrincipalSID":"DOLLARCORP.MONEYCORP.LOCAL-S-1-5-32-544","PrincipalType":"Group","RightName":"WriteOwner","AceType":"","IsInherited":true},{"PrincipalSID":"DOLLARCORP.MONEYCORP.LOCAL-S-1-5-32-544","PrincipalType":"Group","RightName":"GenericWrite","AceType":"","IsInherited":true}]},{"Properties":{"haslaps":false,"highvalue":false,"name":"DCORP-ADMINSRV.DOLLARCORP.MONEYCORP.LOCAL","domain":"DOLLARCORP.MONEYCORP.LOCAL","objectid":"S-1-5-21-1874506631-3219952063-538504511-1114","distinguishedname":"CN=DCORP-ADMINSRV,OU=Applocked,DC=dollarcorp,DC=moneycorp,DC=local","description":null,"enabled":true,"unconstraineddelegation":false,"allowedtodelegate":["TIME/dcorp-dc.dollarcorp.moneycorp.LOCAL","TIME/dcorp-DC"],"serviceprincipalnames":["TERMSRV/DCORP-ADMINSRV","TERMSRV/dcorp-adminsrv.dollarcorp.moneycorp.local","WSMAN/dcorp-adminsrv","WSMAN/dcorp-adminsrv.dollarcorp.moneycorp.local","RestrictedKrbHost/DCORP-ADMINSRV","HOST/DCORP-ADMINSRV","RestrictedKrbHost/dcorp-adminsrv.dollarcorp.moneycorp.local","HOST/dcorp-adminsrv.dollarcorp.moneycorp.local"],"lastlogontimestamp":1663225456,"pwdlastset":1555343719,"operatingsystem":"Windows Server 2016 Standard"},"AllowedToDelegate":["S-1-5-21-1874506631-3219952063-538504511-1000"],"AllowedToAct":[],"PrimaryGroupSid":"S-1-5-21-1874506631-3219952063-538504511-515","Sessions":[{"UserId":"S-1-5-21-1874506631-3219952063-538504511-1115","ComputerId":"S-1-5-21-1874506631-3219952063-538504511-1114"},{"UserId":"S-1-5-21-1874506631-3219952063-538504511-1113","ComputerId":"S-1-5-21-1874506631-3219952063-538504511-1114"},{"UserId":"S-1-5-21-1874506631-3219952063-538504511-1117","ComputerId":"S-1-5-21-1874506631-3219952063-538504511-1114"},{"UserId":"S-1-5-21-1874506631-3219952063-538504511-49659","ComputerId":"S-1-5-21-1874506631-3219952063-538504511-1114"}],"LocalAdmins":[{"MemberId":"S-1-5-21-1874506631-3219952063-538504511-512","MemberType":"Group"},{"MemberId":"S-1-5-21-1874506631-3219952063-538504511-1115","MemberType":"User"},{"MemberId":"S-1-5-21-1874506631-3219952063-538504511-1116","MemberType":"Group"},{"MemberId":"S-1-5-21-1874506631-3219952063-538504511-1117","MemberType":"User"}],"RemoteDesktopUsers":[],"DcomUsers":[],"PSRemoteUsers":[],"ObjectIdentifier":"S-1-5-21-1874506631-3219952063-538504511-1114","Aces":[{"PrincipalSID":"S-1-5-21-1874506631-3219952063-538504511-512","PrincipalType":"Group","RightName":"Owner","AceType":"","IsInherited":false},{"PrincipalSID":"DOLLARCORP.MONEYCORP.LOCAL-S-1-5-32-548","PrincipalType":"Group","RightName":"GenericAll","AceType":"","IsInherited":false},{"PrincipalSID":"S-1-5-21-1874506631-3219952063-538504511-512","PrincipalType":"Group","RightName":"GenericAll","AceType":"","IsInherited":false},{"PrincipalSID":"S-1-5-21-280534878-1496970234-700767426-519","PrincipalType":"Unknown","RightName":"GenericAll","AceType":"","IsInherited":true},{"PrincipalSID":"DOLLARCORP.MONEYCORP.LOCAL-S-1-5-32-544","PrincipalType":"Group","RightName":"WriteDacl","AceType":"","IsInherited":true},{"PrincipalSID":"DOLLARCORP.MONEYCORP.LOCAL-S-1-5-32-544","PrincipalType":"Group","RightName":"WriteOwner","AceType":"","IsInherited":true},{"PrincipalSID":"DOLLARCORP.MONEYCORP.LOCAL-S-1-5-32-544","PrincipalType":"Group","RightName":"GenericWrite","AceType":"","IsInherited":true}]},{"Properties":{"haslaps":false,"highvalue":false,"name":"DCORP-APPSRV.DOLLARCORP.MONEYCORP.LOCAL","domain":"DOLLARCORP.MONEYCORP.LOCAL","objectid":"S-1-5-21-1874506631-3219952063-538504511-1128","distinguishedname":"CN=DCORP-APPSRV,OU=Servers,DC=dollarcorp,DC=moneycorp,DC=local","description":null,"enabled":true,"unconstraineddelegation":true,"serviceprincipalnames":["TERMSRV/DCORP-APPSRV","TERMSRV/dcorp-appsrv.dollarcorp.moneycorp.local","WSMAN/dcorp-appsrv","WSMAN/dcorp-appsrv.dollarcorp.moneycorp.local","RestrictedKrbHost/DCORP-APPSRV","HOST/DCORP-APPSRV","RestrictedKrbHost/dcorp-appsrv.dollarcorp.moneycorp.local","HOST/dcorp-appsrv.dollarcorp.moneycorp.local"],"lastlogontimestamp":1663225467,"pwdlastset":1555742066,"operatingsystem":"Windows Server 2016 Standard"},"AllowedToDelegate":[],"AllowedToAct":[],"PrimaryGroupSid":"S-1-5-21-1874506631-3219952063-538504511-515","Sessions":[{"UserId":"S-1-5-21-1874506631-3219952063-538504511-500","ComputerId":"S-1-5-21-1874506631-3219952063-538504511-1000"},{"UserId":"S-1-5-21-3146393536-1393405867-2905981701-500","ComputerId":"S-1-5-21-1874506631-3219952063-538504511-1000"},{"UserId":"S-1-5-21-1874506631-3219952063-538504511-1117","ComputerId":"S-1-5-21-1874506631-3219952063-538504511-1128"}],"LocalAdmins":[],"RemoteDesktopUsers":[],"DcomUsers":[],"PSRemoteUsers":[],"ObjectIdentifier":"S-1-5-21-1874506631-3219952063-538504511-1128","Aces":[{"PrincipalSID":"S-1-5-21-1874506631-3219952063-538504511-512","PrincipalType":"Group","RightName":"Owner","AceType":"","IsInherited":false},{"PrincipalSID":"DOLLARCORP.MONEYCORP.LOCAL-S-1-5-32-548","PrincipalType":"Group","RightName":"GenericAll","AceType":"","IsInherited":false},{"PrincipalSID":"S-1-5-21-1874506631-3219952063-538504511-512","PrincipalType":"Group","RightName":"GenericAll","AceType":"","IsInherited":false},{"PrincipalSID":"S-1-5-21-280534878-1496970234-700767426-519","PrincipalType":"Unknown","RightName":"GenericAll","AceType":"","IsInherited":true},{"PrincipalSID":"DOLLARCORP.MONEYCORP.LOCAL-S-1-5-32-544","PrincipalType":"Group","RightName":"WriteDacl","AceType":"","IsInherited":true},{"PrincipalSID":"DOLLARCORP.MONEYCORP.LOCAL-S-1-5-32-544","PrincipalType":"Group","RightName":"WriteOwner","AceType":"","IsInherited":true},{"PrincipalSID":"DOLLARCORP.MONEYCORP.LOCAL-S-1-5-32-544","PrincipalType":"Group","RightName":"GenericWrite","AceType":"","IsInherited":true}]},{"Properties":{"haslaps":false,"highvalue":false,"name":"DCORP-STDADM.DOLLARCORP.MONEYCORP.LOCAL","domain":"DOLLARCORP.MONEYCORP.LOCAL","objectid":"S-1-5-21-1874506631-3219952063-538504511-2149","distinguishedname":"CN=DCORP-STDADM,OU=StudentMachines,DC=dollarcorp,DC=moneycorp,DC=local","description":null,"enabled":true,"unconstraineddelegation":false,"serviceprincipalnames":["WSMAN/dcorp-stdadm","WSMAN/dcorp-stdadm.dollarcorp.moneycorp.local","TERMSRV/DCORP-STDADM","TERMSRV/dcorp-stdadm.dollarcorp.moneycorp.local","RestrictedKrbHost/DCORP-STDADM","HOST/DCORP-STDADM","RestrictedKrbHost/dcorp-stdadm.dollarcorp.moneycorp.local","HOST/dcorp-stdadm.dollarcorp.moneycorp.local"],"lastlogontimestamp":1660741093,"pwdlastset":1632898381,"operatingsystem":"Windows Server 2016 Standard"},"AllowedToDelegate":[],"AllowedToAct":[],"PrimaryGroupSid":"S-1-5-21-1874506631-3219952063-538504511-515","Sessions":[],"LocalAdmins":[],"RemoteDesktopUsers":[],"DcomUsers":[],"PSRemoteUsers":[],"ObjectIdentifier":"S-1-5-21-1874506631-3219952063-538504511-2149","Aces":[{"PrincipalSID":"S-1-5-21-1874506631-3219952063-538504511-512","PrincipalType":"Group","RightName":"Owner","AceType":"","IsInherited":false},{"PrincipalSID":"DOLLARCORP.MONEYCORP.LOCAL-S-1-5-32-548","PrincipalType":"Group","RightName":"GenericAll","AceType":"","IsInherited":false},{"PrincipalSID":"S-1-5-21-1874506631-3219952063-538504511-512","PrincipalType":"Group","RightName":"GenericAll","AceType":"","IsInherited":false},{"PrincipalSID":"S-1-5-21-280534878-1496970234-700767426-519","PrincipalType":"Unknown","RightName":"GenericAll","AceType":"","IsInherited":true},{"PrincipalSID":"DOLLARCORP.MONEYCORP.LOCAL-S-1-5-32-544","PrincipalType":"Group","RightName":"WriteDacl","AceType":"","IsInherited":true},{"PrincipalSID":"DOLLARCORP.MONEYCORP.LOCAL-S-1-5-32-544","PrincipalType":"Group","RightName":"WriteOwner","AceType":"","IsInherited":true},{"PrincipalSID":"DOLLARCORP.MONEYCORP.LOCAL-S-1-5-32-544","PrincipalType":"Group","RightName":"GenericWrite","AceType":"","IsInherited":true}]},{"Properties":{"haslaps":false,"highvalue":false,"name":"DCORP-STD611.DOLLARCORP.MONEYCORP.LOCAL","domain":"DOLLARCORP.MONEYCORP.LOCAL","objectid":"S-1-5-21-1874506631-3219952063-538504511-49673","distinguishedname":"CN=DCORP-STD611,OU=StudentMachines,DC=dollarcorp,DC=moneycorp,DC=local","description":null,"enabled":true,"unconstraineddelegation":false,"serviceprincipalnames":["WSMAN/dcorp-std611","WSMAN/dcorp-std611.dollarcorp.moneycorp.local","TERMSRV/DCORP-STD611","TERMSRV/dcorp-std611.dollarcorp.moneycorp.local","RestrictedKrbHost/DCORP-STD611","HOST/DCORP-STD611","RestrictedKrbHost/dcorp-std611.dollarcorp.moneycorp.local","HOST/dcorp-std611.dollarcorp.moneycorp.local"],"lastlogontimestamp":1663225450,"pwdlastset":1660842813,"operatingsystem":"Windows Server 2016 Standard"},"AllowedToDelegate":[],"AllowedToAct":[],"PrimaryGroupSid":"S-1-5-21-1874506631-3219952063-538504511-515","Sessions":[{"UserId":"S-1-5-21-1874506631-3219952063-538504511-49657","ComputerId":"172.16.100.250"}],"LocalAdmins":[],"RemoteDesktopUsers":[],"DcomUsers":[],"PSRemoteUsers":[],"ObjectIdentifier":"S-1-5-21-1874506631-3219952063-538504511-49673","Aces":[{"PrincipalSID":"S-1-5-21-1874506631-3219952063-538504511-512","PrincipalType":"Group","RightName":"Owner","AceType":"","IsInherited":false},{"PrincipalSID":"DOLLARCORP.MONEYCORP.LOCAL-S-1-5-32-548","PrincipalType":"Group","RightName":"GenericAll","AceType":"","IsInherited":false},{"PrincipalSID":"S-1-5-21-1874506631-3219952063-538504511-512","PrincipalType":"Group","RightName":"GenericAll","AceType":"","IsInherited":false},{"PrincipalSID":"S-1-5-21-280534878-1496970234-700767426-519","PrincipalType":"Unknown","RightName":"GenericAll","AceType":"","IsInherited":true},{"PrincipalSID":"DOLLARCORP.MONEYCORP.LOCAL-S-1-5-32-544","PrincipalType":"Group","RightName":"WriteDacl","AceType":"","IsInherited":true},{"PrincipalSID":"DOLLARCORP.MONEYCORP.LOCAL-S-1-5-32-544","PrincipalType":"Group","RightName":"WriteOwner","AceType":"","IsInherited":true},{"PrincipalSID":"DOLLARCORP.MONEYCORP.LOCAL-S-1-5-32-544","PrincipalType":"Group","RightName":"GenericWrite","AceType":"","IsInherited":true}]},{"Properties":{"haslaps":false,"highvalue":false,"name":"DCORP-STD614.DOLLARCORP.MONEYCORP.LOCAL","domain":"DOLLARCORP.MONEYCORP.LOCAL","objectid":"S-1-5-21-1874506631-3219952063-538504511-49676","distinguishedname":"CN=DCORP-STD614,OU=StudentMachines,DC=dollarcorp,DC=moneycorp,DC=local","description":null,"enabled":true,"unconstraineddelegation":false,"serviceprincipalnames":["TERMSRV/DCORP-STD614","TERMSRV/dcorp-std614.dollarcorp.moneycorp.local","RestrictedKrbHost/DCORP-STD614","HOST/DCORP-STD614","RestrictedKrbHost/dcorp-std614.dollarcorp.moneycorp.local","HOST/dcorp-std614.dollarcorp.moneycorp.local"],"lastlogontimestamp":1663226265,"pwdlastset":1652362797,"operatingsystem":"Windows Server 2016 Standard"},"AllowedToDelegate":[],"AllowedToAct":[],"PrimaryGroupSid":"S-1-5-21-1874506631-3219952063-538504511-515","Sessions":[{"UserId":"S-1-5-21-1874506631-3219952063-538504511-49660","ComputerId":"172.16.100.250"},{"UserId":"S-1-5-21-1874506631-3219952063-538504511-49660","ComputerId":"S-1-5-21-1874506631-3219952063-538504511-49676"}],"LocalAdmins":[],"RemoteDesktopUsers":[],"DcomUsers":[],"PSRemoteUsers":[],"ObjectIdentifier":"S-1-5-21-1874506631-3219952063-538504511-49676","Aces":[{"PrincipalSID":"S-1-5-21-1874506631-3219952063-538504511-512","PrincipalType":"Group","RightName":"Owner","AceType":"","IsInherited":false},{"PrincipalSID":"DOLLARCORP.MONEYCORP.LOCAL-S-1-5-32-548","PrincipalType":"Group","RightName":"GenericAll","AceType":"","IsInherited":false},{"PrincipalSID":"S-1-5-21-1874506631-3219952063-538504511-512","PrincipalType":"Group","RightName":"GenericAll","AceType":"","IsInherited":false},{"PrincipalSID":"S-1-5-21-280534878-1496970234-700767426-519","PrincipalType":"Unknown","RightName":"GenericAll","AceType":"","IsInherited":true},{"PrincipalSID":"DOLLARCORP.MONEYCORP.LOCAL-S-1-5-32-544","PrincipalType":"Group","RightName":"WriteDacl","AceType":"","IsInherited":true},{"PrincipalSID":"DOLLARCORP.MONEYCORP.LOCAL-S-1-5-32-544","PrincipalType":"Group","RightName":"WriteOwner","AceType":"","IsInherited":true},{"PrincipalSID":"DOLLARCORP.MONEYCORP.LOCAL-S-1-5-32-544","PrincipalType":"Group","RightName":"GenericWrite","AceType":"","IsInherited":true}]},{"Properties":{"haslaps":false,"highvalue":false,"name":"DCORP-STD602.DOLLARCORP.MONEYCORP.LOCAL","domain":"DOLLARCORP.MONEYCORP.LOCAL","objectid":"S-1-5-21-1874506631-3219952063-538504511-49664","distinguishedname":"CN=DCORP-STD602,OU=StudentMachines,DC=dollarcorp,DC=moneycorp,DC=local","description":null,"enabled":true,"unconstraineddelegation":false,"serviceprincipalnames":["TERMSRV/DCORP-STD602","TERMSRV/dcorp-std602.dollarcorp.moneycorp.local","RestrictedKrbHost/DCORP-STD602","HOST/DCORP-STD602","RestrictedKrbHost/dcorp-std602.dollarcorp.moneycorp.local","HOST/dcorp-std602.dollarcorp.moneycorp.local"],"lastlogontimestamp":1663225888,"pwdlastset":1652362696,"operatingsystem":"Windows Server 2016 Standard"},"AllowedToDelegate":[],"AllowedToAct":[],"PrimaryGroupSid":"S-1-5-21-1874506631-3219952063-538504511-515","Sessions":[{"UserId":"S-1-5-21-1874506631-3219952063-538504511-49662","ComputerId":"172.16.100.250"},{"UserId":"S-1-5-21-1874506631-3219952063-538504511-49662","ComputerId":"S-1-5-21-1874506631-3219952063-538504511-49664"}],"LocalAdmins":[],"RemoteDesktopUsers":[],"DcomUsers":[],"PSRemoteUsers":[],"ObjectIdentifier":"S-1-5-21-1874506631-3219952063-538504511-49664","Aces":[{"PrincipalSID":"S-1-5-21-1874506631-3219952063-538504511-512","PrincipalType":"Group","RightName":"Owner","AceType":"","IsInherited":false},{"PrincipalSID":"DOLLARCORP.MONEYCORP.LOCAL-S-1-5-32-548","PrincipalType":"Group","RightName":"GenericAll","AceType":"","IsInherited":false},{"PrincipalSID":"S-1-5-21-1874506631-3219952063-538504511-512","PrincipalType":"Group","RightName":"GenericAll","AceType":"","IsInherited":false},{"PrincipalSID":"S-1-5-21-280534878-1496970234-700767426-519","PrincipalType":"Unknown","RightName":"GenericAll","AceType":"","IsInherited":true},{"PrincipalSID":"DOLLARCORP.MONEYCORP.LOCAL-S-1-5-32-544","PrincipalType":"Group","RightName":"WriteDacl","AceType":"","IsInherited":true},{"PrincipalSID":"DOLLARCORP.MONEYCORP.LOCAL-S-1-5-32-544","PrincipalType":"Group","RightName":"WriteOwner","AceType":"","IsInherited":true},{"PrincipalSID":"DOLLARCORP.MONEYCORP.LOCAL-S-1-5-32-544","PrincipalType":"Group","RightName":"GenericWrite","AceType":"","IsInherited":true}]},{"Properties":{"haslaps":false,"highvalue":false,"name":"DCORP-STD610.DOLLARCORP.MONEYCORP.LOCAL","domain":"DOLLARCORP.MONEYCORP.LOCAL","objectid":"S-1-5-21-1874506631-3219952063-538504511-49672","distinguishedname":"CN=DCORP-STD610,OU=StudentMachines,DC=dollarcorp,DC=moneycorp,DC=local","description":null,"enabled":true,"unconstraineddelegation":false,"serviceprincipalnames":["TERMSRV/DCORP-STD610","TERMSRV/dcorp-std610.dollarcorp.moneycorp.local","RestrictedKrbHost/DCORP-STD610","HOST/DCORP-STD610","RestrictedKrbHost/dcorp-std610.dollarcorp.moneycorp.local","HOST/dcorp-std610.dollarcorp.moneycorp.local"],"lastlogontimestamp":1663225476,"pwdlastset":1652362763,"operatingsystem":"Windows Server 2016 Standard"},"AllowedToDelegate":[],"AllowedToAct":[],"PrimaryGroupSid":"S-1-5-21-1874506631-3219952063-538504511-515","Sessions":[{"UserId":"S-1-5-21-1874506631-3219952063-538504511-49656","ComputerId":"172.16.100.250"}],"LocalAdmins":[],"RemoteDesktopUsers":[],"DcomUsers":[],"PSRemoteUsers":[],"ObjectIdentifier":"S-1-5-21-1874506631-3219952063-538504511-49672","Aces":[{"PrincipalSID":"S-1-5-21-1874506631-3219952063-538504511-512","PrincipalType":"Group","RightName":"Owner","AceType":"","IsInherited":false},{"PrincipalSID":"DOLLARCORP.MONEYCORP.LOCAL-S-1-5-32-548","PrincipalType":"Group","RightName":"GenericAll","AceType":"","IsInherited":false},{"PrincipalSID":"S-1-5-21-1874506631-3219952063-538504511-512","PrincipalType":"Group","RightName":"GenericAll","AceType":"","IsInherited":false},{"PrincipalSID":"S-1-5-21-280534878-1496970234-700767426-519","PrincipalType":"Unknown","RightName":"GenericAll","AceType":"","IsInherited":true},{"PrincipalSID":"DOLLARCORP.MONEYCORP.LOCAL-S-1-5-32-544","PrincipalType":"Group","RightName":"WriteDacl","AceType":"","IsInherited":true},{"PrincipalSID":"DOLLARCORP.MONEYCORP.LOCAL-S-1-5-32-544","PrincipalType":"Group","RightName":"WriteOwner","AceType":"","IsInherited":true},{"PrincipalSID":"DOLLARCORP.MONEYCORP.LOCAL-S-1-5-32-544","PrincipalType":"Group","RightName":"GenericWrite","AceType":"","IsInherited":true}]},{"Properties":{"haslaps":false,"highvalue":false,"name":"DCORP-STD603.DOLLARCORP.MONEYCORP.LOCAL","domain":"DOLLARCORP.MONEYCORP.LOCAL","objectid":"S-1-5-21-1874506631-3219952063-538504511-49665","distinguishedname":"CN=DCORP-STD603,OU=StudentMachines,DC=dollarcorp,DC=moneycorp,DC=local","description":null,"enabled":true,"unconstraineddelegation":false,"serviceprincipalnames":["TERMSRV/DCORP-STD603","TERMSRV/dcorp-std603.dollarcorp.moneycorp.local","RestrictedKrbHost/DCORP-STD603","HOST/DCORP-STD603","RestrictedKrbHost/dcorp-std603.dollarcorp.moneycorp.local","HOST/dcorp-std603.dollarcorp.moneycorp.local"],"lastlogontimestamp":1663226262,"pwdlastset":1652362704,"operatingsystem":"Windows Server 2016 Standard"},"AllowedToDelegate":[],"AllowedToAct":[],"PrimaryGroupSid":"S-1-5-21-1874506631-3219952063-538504511-515","Sessions":[{"UserId":"S-1-5-21-1874506631-3219952063-538504511-49648","ComputerId":"172.16.100.250"},{"UserId":"S-1-5-21-1874506631-3219952063-538504511-49648","ComputerId":"S-1-5-21-1874506631-3219952063-538504511-49665"}],"LocalAdmins":[],"RemoteDesktopUsers":[],"DcomUsers":[],"PSRemoteUsers":[],"ObjectIdentifier":"S-1-5-21-1874506631-3219952063-538504511-49665","Aces":[{"PrincipalSID":"S-1-5-21-1874506631-3219952063-538504511-512","PrincipalType":"Group","RightName":"Owner","AceType":"","IsInherited":false},{"PrincipalSID":"DOLLARCORP.MONEYCORP.LOCAL-S-1-5-32-548","PrincipalType":"Group","RightName":"GenericAll","AceType":"","IsInherited":false},{"PrincipalSID":"S-1-5-21-1874506631-3219952063-538504511-512","PrincipalType":"Group","RightName":"GenericAll","AceType":"","IsInherited":false},{"PrincipalSID":"S-1-5-21-280534878-1496970234-700767426-519","PrincipalType":"Unknown","RightName":"GenericAll","AceType":"","IsInherited":true},{"PrincipalSID":"DOLLARCORP.MONEYCORP.LOCAL-S-1-5-32-544","PrincipalType":"Group","RightName":"WriteDacl","AceType":"","IsInherited":true},{"PrincipalSID":"DOLLARCORP.MONEYCORP.LOCAL-S-1-5-32-544","PrincipalType":"Group","RightName":"WriteOwner","AceType":"","IsInherited":true},{"PrincipalSID":"DOLLARCORP.MONEYCORP.LOCAL-S-1-5-32-544","PrincipalType":"Group","RightName":"GenericWrite","AceType":"","IsInherited":true}]},{"Properties":{"haslaps":false,"highvalue":false,"name":"DCORP-STD615.DOLLARCORP.MONEYCORP.LOCAL","domain":"DOLLARCORP.MONEYCORP.LOCAL","objectid":"S-1-5-21-1874506631-3219952063-538504511-49677","distinguishedname":"CN=DCORP-STD615,OU=StudentMachines,DC=dollarcorp,DC=moneycorp,DC=local","description":null,"enabled":true,"unconstraineddelegation":false,"serviceprincipalnames":["TERMSRV/DCORP-STD615","TERMSRV/dcorp-std615.dollarcorp.moneycorp.local","RestrictedKrbHost/DCORP-STD615","HOST/DCORP-STD615","RestrictedKrbHost/dcorp-std615.dollarcorp.moneycorp.local","HOST/dcorp-std615.dollarcorp.moneycorp.local"],"lastlogontimestamp":1663226266,"pwdlastset":1660842827,"operatingsystem":"Windows Server 2016 Standard"},"AllowedToDelegate":[],"AllowedToAct":[],"PrimaryGroupSid":"S-1-5-21-1874506631-3219952063-538504511-515","Sessions":[{"UserId":"S-1-5-21-1874506631-3219952063-538504511-49661","ComputerId":"172.16.100.250"},{"UserId":"S-1-5-21-1874506631-3219952063-538504511-49661","ComputerId":"S-1-5-21-1874506631-3219952063-538504511-49677"}],"LocalAdmins":[],"RemoteDesktopUsers":[],"DcomUsers":[],"PSRemoteUsers":[],"ObjectIdentifier":"S-1-5-21-1874506631-3219952063-538504511-49677","Aces":[{"PrincipalSID":"S-1-5-21-1874506631-3219952063-538504511-512","PrincipalType":"Group","RightName":"Owner","AceType":"","IsInherited":false},{"PrincipalSID":"DOLLARCORP.MONEYCORP.LOCAL-S-1-5-32-548","PrincipalType":"Group","RightName":"GenericAll","AceType":"","IsInherited":false},{"PrincipalSID":"S-1-5-21-1874506631-3219952063-538504511-512","PrincipalType":"Group","RightName":"GenericAll","AceType":"","IsInherited":false},{"PrincipalSID":"S-1-5-21-280534878-1496970234-700767426-519","PrincipalType":"Unknown","RightName":"GenericAll","AceType":"","IsInherited":true},{"PrincipalSID":"DOLLARCORP.MONEYCORP.LOCAL-S-1-5-32-544","PrincipalType":"Group","RightName":"WriteDacl","AceType":"","IsInherited":true},{"PrincipalSID":"DOLLARCORP.MONEYCORP.LOCAL-S-1-5-32-544","PrincipalType":"Group","RightName":"WriteOwner","AceType":"","IsInherited":true},{"PrincipalSID":"DOLLARCORP.MONEYCORP.LOCAL-S-1-5-32-544","PrincipalType":"Group","RightName":"GenericWrite","AceType":"","IsInherited":true}]},{"Properties":{"haslaps":false,"highvalue":false,"name":"DCORP-STD601.DOLLARCORP.MONEYCORP.LOCAL","domain":"DOLLARCORP.MONEYCORP.LOCAL","objectid":"S-1-5-21-1874506631-3219952063-538504511-49663","distinguishedname":"CN=DCORP-STD601,OU=StudentMachines,DC=dollarcorp,DC=moneycorp,DC=local","description":null,"enabled":true,"unconstraineddelegation":false,"serviceprincipalnames":["TERMSRV/DCORP-STD601","TERMSRV/dcorp-std601.dollarcorp.moneycorp.local","RestrictedKrbHost/DCORP-STD601","HOST/DCORP-STD601","RestrictedKrbHost/dcorp-std601.dollarcorp.moneycorp.local","HOST/dcorp-std601.dollarcorp.moneycorp.local"],"lastlogontimestamp":1663225777,"pwdlastset":1652362678,"operatingsystem":"Windows Server 2016 Standard"},"AllowedToDelegate":[],"AllowedToAct":[],"PrimaryGroupSid":"S-1-5-21-1874506631-3219952063-538504511-515","Sessions":[{"UserId":"S-1-5-21-1874506631-3219952063-538504511-49646","ComputerId":"172.16.100.250"},{"UserId":"S-1-5-21-1739555593-3315113670-3350600671-1000","ComputerId":"S-1-5-21-1874506631-3219952063-538504511-49663"},{"UserId":"S-1-5-21-1874506631-3219952063-538504511-49646","ComputerId":"S-1-5-21-1874506631-3219952063-538504511-49663"}],"LocalAdmins":[],"RemoteDesktopUsers":[],"DcomUsers":[],"PSRemoteUsers":[],"ObjectIdentifier":"S-1-5-21-1874506631-3219952063-538504511-49663","Aces":[{"PrincipalSID":"S-1-5-21-1874506631-3219952063-538504511-512","PrincipalType":"Group","RightName":"Owner","AceType":"","IsInherited":false},{"PrincipalSID":"DOLLARCORP.MONEYCORP.LOCAL-S-1-5-32-548","PrincipalType":"Group","RightName":"GenericAll","AceType":"","IsInherited":false},{"PrincipalSID":"S-1-5-21-1874506631-3219952063-538504511-512","PrincipalType":"Group","RightName":"GenericAll","AceType":"","IsInherited":false},{"PrincipalSID":"S-1-5-21-280534878-1496970234-700767426-519","PrincipalType":"Unknown","RightName":"GenericAll","AceType":"","IsInherited":true},{"PrincipalSID":"DOLLARCORP.MONEYCORP.LOCAL-S-1-5-32-544","PrincipalType":"Group","RightName":"WriteDacl","AceType":"","IsInherited":true},{"PrincipalSID":"DOLLARCORP.MONEYCORP.LOCAL-S-1-5-32-544","PrincipalType":"Group","RightName":"WriteOwner","AceType":"","IsInherited":true},{"PrincipalSID":"DOLLARCORP.MONEYCORP.LOCAL-S-1-5-32-544","PrincipalType":"Group","RightName":"GenericWrite","AceType":"","IsInherited":true}]},{"Properties":{"haslaps":false,"highvalue":false,"name":"DCORP-STD612.DOLLARCORP.MONEYCORP.LOCAL","domain":"DOLLARCORP.MONEYCORP.LOCAL","objectid":"S-1-5-21-1874506631-3219952063-538504511-49674","distinguishedname":"CN=DCORP-STD612,OU=StudentMachines,DC=dollarcorp,DC=moneycorp,DC=local","description":null,"enabled":true,"unconstraineddelegation":false,"serviceprincipalnames":["TERMSRV/DCORP-STD612","TERMSRV/dcorp-std612.dollarcorp.moneycorp.local","RestrictedKrbHost/DCORP-STD612","HOST/DCORP-STD612","RestrictedKrbHost/dcorp-std612.dollarcorp.moneycorp.local","HOST/dcorp-std612.dollarcorp.moneycorp.local"],"lastlogontimestamp":1663225477,"pwdlastset":1652362780,"operatingsystem":"Windows Server 2016 Standard"},"AllowedToDelegate":[],"AllowedToAct":[],"PrimaryGroupSid":"S-1-5-21-1874506631-3219952063-538504511-515","Sessions":[{"UserId":"S-1-5-21-1874506631-3219952063-538504511-49658","ComputerId":"172.16.100.250"}],"LocalAdmins":[],"RemoteDesktopUsers":[],"DcomUsers":[],"PSRemoteUsers":[],"ObjectIdentifier":"S-1-5-21-1874506631-3219952063-538504511-49674","Aces":[{"PrincipalSID":"S-1-5-21-1874506631-3219952063-538504511-512","PrincipalType":"Group","RightName":"Owner","AceType":"","IsInherited":false},{"PrincipalSID":"DOLLARCORP.MONEYCORP.LOCAL-S-1-5-32-548","PrincipalType":"Group","RightName":"GenericAll","AceType":"","IsInherited":false},{"PrincipalSID":"S-1-5-21-1874506631-3219952063-538504511-512","PrincipalType":"Group","RightName":"GenericAll","AceType":"","IsInherited":false},{"PrincipalSID":"S-1-5-21-280534878-1496970234-700767426-519","PrincipalType":"Unknown","RightName":"GenericAll","AceType":"","IsInherited":true},{"PrincipalSID":"DOLLARCORP.MONEYCORP.LOCAL-S-1-5-32-544","PrincipalType":"Group","RightName":"WriteDacl","AceType":"","IsInherited":true},{"PrincipalSID":"DOLLARCORP.MONEYCORP.LOCAL-S-1-5-32-544","PrincipalType":"Group","RightName":"WriteOwner","AceType":"","IsInherited":true},{"PrincipalSID":"DOLLARCORP.MONEYCORP.LOCAL-S-1-5-32-544","PrincipalType":"Group","RightName":"GenericWrite","AceType":"","IsInherited":true}]},{"Properties":{"haslaps":false,"highvalue":false,"name":"DCORP-STD609.DOLLARCORP.MONEYCORP.LOCAL","domain":"DOLLARCORP.MONEYCORP.LOCAL","objectid":"S-1-5-21-1874506631-3219952063-538504511-49671","distinguishedname":"CN=DCORP-STD609,OU=StudentMachines,DC=dollarcorp,DC=moneycorp,DC=local","description":null,"enabled":true,"unconstraineddelegation":false,"serviceprincipalnames":["TERMSRV/DCORP-STD609","TERMSRV/dcorp-std609.dollarcorp.moneycorp.local","RestrictedKrbHost/DCORP-STD609","HOST/DCORP-STD609","RestrictedKrbHost/dcorp-std609.dollarcorp.moneycorp.local","HOST/dcorp-std609.dollarcorp.moneycorp.local"],"lastlogontimestamp":1663225457,"pwdlastset":1663225457,"operatingsystem":"Windows Server 2016 Standard"},"AllowedToDelegate":[],"AllowedToAct":[],"PrimaryGroupSid":"S-1-5-21-1874506631-3219952063-538504511-515","Sessions":[{"UserId":"S-1-5-21-1874506631-3219952063-538504511-49654","ComputerId":"172.16.100.250"},{"UserId":"S-1-5-21-1874506631-3219952063-538504511-49654","ComputerId":"S-1-5-21-1874506631-3219952063-538504511-49671"}],"LocalAdmins":[],"RemoteDesktopUsers":[],"DcomUsers":[],"PSRemoteUsers":[],"ObjectIdentifier":"S-1-5-21-1874506631-3219952063-538504511-49671","Aces":[{"PrincipalSID":"S-1-5-21-1874506631-3219952063-538504511-512","PrincipalType":"Group","RightName":"Owner","AceType":"","IsInherited":false},{"PrincipalSID":"DOLLARCORP.MONEYCORP.LOCAL-S-1-5-32-548","PrincipalType":"Group","RightName":"GenericAll","AceType":"","IsInherited":false},{"PrincipalSID":"S-1-5-21-1874506631-3219952063-538504511-512","PrincipalType":"Group","RightName":"GenericAll","AceType":"","IsInherited":false},{"PrincipalSID":"S-1-5-21-280534878-1496970234-700767426-519","PrincipalType":"Unknown","RightName":"GenericAll","AceType":"","IsInherited":true},{"PrincipalSID":"DOLLARCORP.MONEYCORP.LOCAL-S-1-5-32-544","PrincipalType":"Group","RightName":"WriteDacl","AceType":"","IsInherited":true},{"PrincipalSID":"DOLLARCORP.MONEYCORP.LOCAL-S-1-5-32-544","PrincipalType":"Group","RightName":"WriteOwner","AceType":"","IsInherited":true},{"PrincipalSID":"DOLLARCORP.MONEYCORP.LOCAL-S-1-5-32-544","PrincipalType":"Group","RightName":"GenericWrite","AceType":"","IsInherited":true}]},{"Properties":{"haslaps":false,"highvalue":false,"name":"DCORP-STD606.DOLLARCORP.MONEYCORP.LOCAL","domain":"DOLLARCORP.MONEYCORP.LOCAL","objectid":"S-1-5-21-1874506631-3219952063-538504511-49668","distinguishedname":"CN=DCORP-STD606,OU=StudentMachines,DC=dollarcorp,DC=moneycorp,DC=local","description":null,"enabled":true,"unconstraineddelegation":false,"serviceprincipalnames":["TERMSRV/DCORP-STD606","TERMSRV/dcorp-std606.dollarcorp.moneycorp.local","RestrictedKrbHost/DCORP-STD606","HOST/DCORP-STD606","RestrictedKrbHost/dcorp-std606.dollarcorp.moneycorp.local","HOST/dcorp-std606.dollarcorp.moneycorp.local"],"lastlogontimestamp":1663226304,"pwdlastset":1652362729,"operatingsystem":"Windows Server 2016 Standard"},"AllowedToDelegate":[],"AllowedToAct":[],"PrimaryGroupSid":"S-1-5-21-1874506631-3219952063-538504511-515","Sessions":[{"UserId":"S-1-5-21-1874506631-3219952063-538504511-49651","ComputerId":"172.16.100.250"},{"UserId":"S-1-5-21-1874506631-3219952063-538504511-49651","ComputerId":"S-1-5-21-1874506631-3219952063-538504511-49668"}],"LocalAdmins":[],"RemoteDesktopUsers":[],"DcomUsers":[],"PSRemoteUsers":[],"ObjectIdentifier":"S-1-5-21-1874506631-3219952063-538504511-49668","Aces":[{"PrincipalSID":"S-1-5-21-1874506631-3219952063-538504511-512","PrincipalType":"Group","RightName":"Owner","AceType":"","IsInherited":false},{"PrincipalSID":"DOLLARCORP.MONEYCORP.LOCAL-S-1-5-32-548","PrincipalType":"Group","RightName":"GenericAll","AceType":"","IsInherited":false},{"PrincipalSID":"S-1-5-21-1874506631-3219952063-538504511-512","PrincipalType":"Group","RightName":"GenericAll","AceType":"","IsInherited":false},{"PrincipalSID":"S-1-5-21-280534878-1496970234-700767426-519","PrincipalType":"Unknown","RightName":"GenericAll","AceType":"","IsInherited":true},{"PrincipalSID":"DOLLARCORP.MONEYCORP.LOCAL-S-1-5-32-544","PrincipalType":"Group","RightName":"WriteDacl","AceType":"","IsInherited":true},{"PrincipalSID":"DOLLARCORP.MONEYCORP.LOCAL-S-1-5-32-544","PrincipalType":"Group","RightName":"WriteOwner","AceType":"","IsInherited":true},{"PrincipalSID":"DOLLARCORP.MONEYCORP.LOCAL-S-1-5-32-544","PrincipalType":"Group","RightName":"GenericWrite","AceType":"","IsInherited":true}]},{"Properties":{"haslaps":false,"highvalue":false,"name":"DCORP-STD607.DOLLARCORP.MONEYCORP.LOCAL","domain":"DOLLARCORP.MONEYCORP.LOCAL","objectid":"S-1-5-21-1874506631-3219952063-538504511-49669","distinguishedname":"CN=DCORP-STD607,OU=StudentMachines,DC=dollarcorp,DC=moneycorp,DC=local","description":null,"enabled":true,"unconstraineddelegation":false,"serviceprincipalnames":["TERMSRV/DCORP-STD607","TERMSRV/dcorp-std607.dollarcorp.moneycorp.local","RestrictedKrbHost/DCORP-STD607","HOST/DCORP-STD607","RestrictedKrbHost/dcorp-std607.dollarcorp.moneycorp.local","HOST/dcorp-std607.dollarcorp.moneycorp.local"],"lastlogontimestamp":1663225437,"pwdlastset":1652362737,"operatingsystem":"Windows Server 2016 Standard"},"AllowedToDelegate":[],"AllowedToAct":[],"PrimaryGroupSid":"S-1-5-21-1874506631-3219952063-538504511-515","Sessions":[{"UserId":"S-1-5-21-1874506631-3219952063-538504511-49652","ComputerId":"172.16.100.250"}],"LocalAdmins":[],"RemoteDesktopUsers":[],"DcomUsers":[],"PSRemoteUsers":[],"ObjectIdentifier":"S-1-5-21-1874506631-3219952063-538504511-49669","Aces":[{"PrincipalSID":"S-1-5-21-1874506631-3219952063-538504511-512","PrincipalType":"Group","RightName":"Owner","AceType":"","IsInherited":false},{"PrincipalSID":"DOLLARCORP.MONEYCORP.LOCAL-S-1-5-32-548","PrincipalType":"Group","RightName":"GenericAll","AceType":"","IsInherited":false},{"PrincipalSID":"S-1-5-21-1874506631-3219952063-538504511-512","PrincipalType":"Group","RightName":"GenericAll","AceType":"","IsInherited":false},{"PrincipalSID":"S-1-5-21-280534878-1496970234-700767426-519","PrincipalType":"Unknown","RightName":"GenericAll","AceType":"","IsInherited":true},{"PrincipalSID":"DOLLARCORP.MONEYCORP.LOCAL-S-1-5-32-544","PrincipalType":"Group","RightName":"WriteDacl","AceType":"","IsInherited":true},{"PrincipalSID":"DOLLARCORP.MONEYCORP.LOCAL-S-1-5-32-544","PrincipalType":"Group","RightName":"WriteOwner","AceType":"","IsInherited":true},{"PrincipalSID":"DOLLARCORP.MONEYCORP.LOCAL-S-1-5-32-544","PrincipalType":"Group","RightName":"GenericWrite","AceType":"","IsInherited":true}]},{"Properties":{"haslaps":false,"highvalue":false,"name":"DCORP-STD608.DOLLARCORP.MONEYCORP.LOCAL","domain":"DOLLARCORP.MONEYCORP.LOCAL","objectid":"S-1-5-21-1874506631-3219952063-538504511-49670","distinguishedname":"CN=DCORP-STD608,OU=StudentMachines,DC=dollarcorp,DC=moneycorp,DC=local","description":null,"enabled":true,"unconstraineddelegation":false,"serviceprincipalnames":["TERMSRV/DCORP-STD608","TERMSRV/dcorp-std608.dollarcorp.moneycorp.local","RestrictedKrbHost/DCORP-STD608","HOST/DCORP-STD608","RestrictedKrbHost/dcorp-std608.dollarcorp.moneycorp.local","HOST/dcorp-std608.dollarcorp.moneycorp.local"],"lastlogontimestamp":1663225436,"pwdlastset":1652362746,"operatingsystem":"Windows Server 2016 Standard"},"AllowedToDelegate":[],"AllowedToAct":[],"PrimaryGroupSid":"S-1-5-21-1874506631-3219952063-538504511-515","Sessions":[{"UserId":"S-1-5-21-1874506631-3219952063-538504511-49653","ComputerId":"172.16.100.250"},{"UserId":"S-1-5-21-1874506631-3219952063-538504511-49653","ComputerId":"S-1-5-21-1874506631-3219952063-538504511-49670"}],"LocalAdmins":[],"RemoteDesktopUsers":[],"DcomUsers":[],"PSRemoteUsers":[],"ObjectIdentifier":"S-1-5-21-1874506631-3219952063-538504511-49670","Aces":[{"PrincipalSID":"S-1-5-21-1874506631-3219952063-538504511-512","PrincipalType":"Group","RightName":"Owner","AceType":"","IsInherited":false},{"PrincipalSID":"DOLLARCORP.MONEYCORP.LOCAL-S-1-5-32-548","PrincipalType":"Group","RightName":"GenericAll","AceType":"","IsInherited":false},{"PrincipalSID":"S-1-5-21-1874506631-3219952063-538504511-512","PrincipalType":"Group","RightName":"GenericAll","AceType":"","IsInherited":false},{"PrincipalSID":"S-1-5-21-280534878-1496970234-700767426-519","PrincipalType":"Unknown","RightName":"GenericAll","AceType":"","IsInherited":true},{"PrincipalSID":"DOLLARCORP.MONEYCORP.LOCAL-S-1-5-32-544","PrincipalType":"Group","RightName":"WriteDacl","AceType":"","IsInherited":true},{"PrincipalSID":"DOLLARCORP.MONEYCORP.LOCAL-S-1-5-32-544","PrincipalType":"Group","RightName":"WriteOwner","AceType":"","IsInherited":true},{"PrincipalSID":"DOLLARCORP.MONEYCORP.LOCAL-S-1-5-32-544","PrincipalType":"Group","RightName":"GenericWrite","AceType":"","IsInherited":true}]},{"Properties":{"haslaps":false,"highvalue":false,"name":"DCORP-STD604.DOLLARCORP.MONEYCORP.LOCAL","domain":"DOLLARCORP.MONEYCORP.LOCAL","objectid":"S-1-5-21-1874506631-3219952063-538504511-49666","distinguishedname":"CN=DCORP-STD604,OU=StudentMachines,DC=dollarcorp,DC=moneycorp,DC=local","description":null,"enabled":true,"unconstraineddelegation":false,"serviceprincipalnames":["TERMSRV/DCORP-STD604","TERMSRV/dcorp-std604.dollarcorp.moneycorp.local","RestrictedKrbHost/DCORP-STD604","HOST/DCORP-STD604","RestrictedKrbHost/dcorp-std604.dollarcorp.moneycorp.local","HOST/dcorp-std604.dollarcorp.moneycorp.local"],"lastlogontimestamp":1663226296,"pwdlastset":1652362712,"operatingsystem":"Windows Server 2016 Standard"},"AllowedToDelegate":[],"AllowedToAct":[],"PrimaryGroupSid":"S-1-5-21-1874506631-3219952063-538504511-515","Sessions":[{"UserId":"S-1-5-21-1874506631-3219952063-538504511-49649","ComputerId":"172.16.100.250"},{"UserId":"S-1-5-21-1874506631-3219952063-538504511-49649","ComputerId":"S-1-5-21-1874506631-3219952063-538504511-49666"}],"LocalAdmins":[],"RemoteDesktopUsers":[],"DcomUsers":[],"PSRemoteUsers":[],"ObjectIdentifier":"S-1-5-21-1874506631-3219952063-538504511-49666","Aces":[{"PrincipalSID":"S-1-5-21-1874506631-3219952063-538504511-512","PrincipalType":"Group","RightName":"Owner","AceType":"","IsInherited":false},{"PrincipalSID":"DOLLARCORP.MONEYCORP.LOCAL-S-1-5-32-548","PrincipalType":"Group","RightName":"GenericAll","AceType":"","IsInherited":false},{"PrincipalSID":"S-1-5-21-1874506631-3219952063-538504511-512","PrincipalType":"Group","RightName":"GenericAll","AceType":"","IsInherited":false},{"PrincipalSID":"S-1-5-21-280534878-1496970234-700767426-519","PrincipalType":"Unknown","RightName":"GenericAll","AceType":"","IsInherited":true},{"PrincipalSID":"DOLLARCORP.MONEYCORP.LOCAL-S-1-5-32-544","PrincipalType":"Group","RightName":"WriteDacl","AceType":"","IsInherited":true},{"PrincipalSID":"DOLLARCORP.MONEYCORP.LOCAL-S-1-5-32-544","PrincipalType":"Group","RightName":"WriteOwner","AceType":"","IsInherited":true},{"PrincipalSID":"DOLLARCORP.MONEYCORP.LOCAL-S-1-5-32-544","PrincipalType":"Group","RightName":"GenericWrite","AceType":"","IsInherited":true}]},{"Properties":{"haslaps":false,"highvalue":false,"name":"DCORP-STD613.DOLLARCORP.MONEYCORP.LOCAL","domain":"DOLLARCORP.MONEYCORP.LOCAL","objectid":"S-1-5-21-1874506631-3219952063-538504511-49675","distinguishedname":"CN=DCORP-STD613,OU=StudentMachines,DC=dollarcorp,DC=moneycorp,DC=local","description":null,"enabled":true,"unconstraineddelegation":false,"serviceprincipalnames":["TERMSRV/DCORP-STD613","TERMSRV/dcorp-std613.dollarcorp.moneycorp.local","RestrictedKrbHost/DCORP-STD613","HOST/DCORP-STD613","RestrictedKrbHost/dcorp-std613.dollarcorp.moneycorp.local","HOST/dcorp-std613.dollarcorp.moneycorp.local"],"lastlogontimestamp":1663225632,"pwdlastset":1652362789,"operatingsystem":"Windows Server 2016 Standard"},"AllowedToDelegate":[],"AllowedToAct":[],"PrimaryGroupSid":"S-1-5-21-1874506631-3219952063-538504511-515","Sessions":[{"UserId":"S-1-5-21-1874506631-3219952063-538504511-49659","ComputerId":"172.16.100.250"},{"UserId":"S-1-5-21-1874506631-3219952063-538504511-49659","ComputerId":"S-1-5-21-1874506631-3219952063-538504511-49675"}],"LocalAdmins":[],"RemoteDesktopUsers":[],"DcomUsers":[],"PSRemoteUsers":[],"ObjectIdentifier":"S-1-5-21-1874506631-3219952063-538504511-49675","Aces":[{"PrincipalSID":"S-1-5-21-1874506631-3219952063-538504511-512","PrincipalType":"Group","RightName":"Owner","AceType":"","IsInherited":false},{"PrincipalSID":"DOLLARCORP.MONEYCORP.LOCAL-S-1-5-32-548","PrincipalType":"Group","RightName":"GenericAll","AceType":"","IsInherited":false},{"PrincipalSID":"S-1-5-21-1874506631-3219952063-538504511-512","PrincipalType":"Group","RightName":"GenericAll","AceType":"","IsInherited":false},{"PrincipalSID":"S-1-5-21-280534878-1496970234-700767426-519","PrincipalType":"Unknown","RightName":"GenericAll","AceType":"","IsInherited":true},{"PrincipalSID":"DOLLARCORP.MONEYCORP.LOCAL-S-1-5-32-544","PrincipalType":"Group","RightName":"WriteDacl","AceType":"","IsInherited":true},{"PrincipalSID":"DOLLARCORP.MONEYCORP.LOCAL-S-1-5-32-544","PrincipalType":"Group","RightName":"WriteOwner","AceType":"","IsInherited":true},{"PrincipalSID":"DOLLARCORP.MONEYCORP.LOCAL-S-1-5-32-544","PrincipalType":"Group","RightName":"GenericWrite","AceType":"","IsInherited":true}]}],"meta":{"count":23,"type":"computers","version":3}}