﻿{"gpos":[{"Properties":{"highvalue":false,"name":"APPLOCKER@DOLLARCORP.MONEYCORP.LOCAL","domain":"DOLLARCORP.MONEYCORP.LOCAL","objectid":"06B004FE-5DA8-4765-83C6-595FD1AF5BCF","distinguishedname":"CN={211A25B2-03AD-4E5E-9C6A-AFEFE66EFB2D},CN=Policies,CN=System,DC=dollarcorp,DC=moneycorp,DC=local","description":null,"gpcpath":"\\\\dollarcorp.moneycorp.local\\SysVol\\dollarcorp.moneycorp.local\\Policies\\{211A25B2-03AD-4E5E-9C6A-AFEFE66EFB2D}"},"ObjectIdentifier":"06B004FE-5DA8-4765-83C6-595FD1AF5BCF","Aces":[{"PrincipalSID":"S-1-5-21-1874506631-3219952063-538504511-512","PrincipalType":"Group","RightName":"Owner","AceType":"","IsInherited":false},{"PrincipalSID":"S-1-5-21-280534878-1496970234-700767426-519","PrincipalType":"Unknown","RightName":"WriteDacl","AceType":"","IsInherited":false},{"PrincipalSID":"S-1-5-21-280534878-1496970234-700767426-519","PrincipalType":"Unknown","RightName":"WriteOwner","AceType":"","IsInherited":false},{"PrincipalSID":"S-1-5-21-280534878-1496970234-700767426-519","PrincipalType":"Unknown","RightName":"GenericWrite","AceType":"","IsInherited":false},{"PrincipalSID":"S-1-5-21-1874506631-3219952063-538504511-512","PrincipalType":"Group","RightName":"WriteDacl","AceType":"","IsInherited":false},{"PrincipalSID":"S-1-5-21-1874506631-3219952063-538504511-512","PrincipalType":"Group","RightName":"WriteOwner","AceType":"","IsInherited":false},{"PrincipalSID":"S-1-5-21-1874506631-3219952063-538504511-512","PrincipalType":"Group","RightName":"GenericWrite","AceType":"","IsInherited":false}]},{"Properties":{"highvalue":false,"name":"DEFAULT DOMAIN POLICY@DOLLARCORP.MONEYCORP.LOCAL","domain":"DOLLARCORP.MONEYCORP.LOCAL","objectid":"CD0C7024-E03A-4369-958B-9C93FBD25649","distinguishedname":"CN={31B2F340-016D-11D2-945F-00C04FB984F9},CN=Policies,CN=System,DC=dollarcorp,DC=moneycorp,DC=local","description":null,"gpcpath":"\\\\dollarcorp.moneycorp.local\\sysvol\\dollarcorp.moneycorp.local\\Policies\\{31B2F340-016D-11D2-945F-00C04FB984F9}"},"ObjectIdentifier":"CD0C7024-E03A-4369-958B-9C93FBD25649","Aces":[{"PrincipalSID":"S-1-5-21-1874506631-3219952063-538504511-512","PrincipalType":"Group","RightName":"Owner","AceType":"","IsInherited":false},{"PrincipalSID":"S-1-5-21-280534878-1496970234-700767426-519","PrincipalType":"Unknown","RightName":"WriteDacl","AceType":"","IsInherited":false},{"PrincipalSID":"S-1-5-21-280534878-1496970234-700767426-519","PrincipalType":"Unknown","RightName":"WriteOwner","AceType":"","IsInherited":false},{"PrincipalSID":"S-1-5-21-280534878-1496970234-700767426-519","PrincipalType":"Unknown","RightName":"GenericWrite","AceType":"","IsInherited":false},{"PrincipalSID":"S-1-5-21-1874506631-3219952063-538504511-512","PrincipalType":"Group","RightName":"WriteDacl","AceType":"","IsInherited":false},{"PrincipalSID":"S-1-5-21-1874506631-3219952063-538504511-512","PrincipalType":"Group","RightName":"WriteOwner","AceType":"","IsInherited":false},{"PrincipalSID":"S-1-5-21-1874506631-3219952063-538504511-512","PrincipalType":"Group","RightName":"GenericWrite","AceType":"","IsInherited":false}]},{"Properties":{"highvalue":false,"name":"SERVERS@DOLLARCORP.MONEYCORP.LOCAL","domain":"DOLLARCORP.MONEYCORP.LOCAL","objectid":"85432932-9EC6-47EA-9709-92AD11BD3E89","distinguishedname":"CN={C4F31C31-6258-4991-AAAD-454934E882AE},CN=Policies,CN=System,DC=dollarcorp,DC=moneycorp,DC=local","description":null,"gpcpath":"\\\\dollarcorp.moneycorp.local\\SysVol\\dollarcorp.moneycorp.local\\Policies\\{C4F31C31-6258-4991-AAAD-454934E882AE}"},"ObjectIdentifier":"85432932-9EC6-47EA-9709-92AD11BD3E89","Aces":[{"PrincipalSID":"S-1-5-21-1874506631-3219952063-538504511-512","PrincipalType":"Group","RightName":"Owner","AceType":"","IsInherited":false},{"PrincipalSID":"S-1-5-21-280534878-1496970234-700767426-519","PrincipalType":"Unknown","RightName":"WriteDacl","AceType":"","IsInherited":false},{"PrincipalSID":"S-1-5-21-280534878-1496970234-700767426-519","PrincipalType":"Unknown","RightName":"WriteOwner","AceType":"","IsInherited":false},{"PrincipalSID":"S-1-5-21-280534878-1496970234-700767426-519","PrincipalType":"Unknown","RightName":"GenericWrite","AceType":"","IsInherited":false},{"PrincipalSID":"S-1-5-21-1874506631-3219952063-538504511-512","PrincipalType":"Group","RightName":"WriteDacl","AceType":"","IsInherited":false},{"PrincipalSID":"S-1-5-21-1874506631-3219952063-538504511-512","PrincipalType":"Group","RightName":"WriteOwner","AceType":"","IsInherited":false},{"PrincipalSID":"S-1-5-21-1874506631-3219952063-538504511-512","PrincipalType":"Group","RightName":"GenericWrite","AceType":"","IsInherited":false}]},{"Properties":{"highvalue":false,"name":"DEFAULT DOMAIN CONTROLLERS POLICY@DOLLARCORP.MONEYCORP.LOCAL","domain":"DOLLARCORP.MONEYCORP.LOCAL","objectid":"800516C0-1D9D-4CC6-AEAE-7B30FAE46799","distinguishedname":"CN={6AC1786C-016F-11D2-945F-00C04fB984F9},CN=Policies,CN=System,DC=dollarcorp,DC=moneycorp,DC=local","description":null,"gpcpath":"\\\\dollarcorp.moneycorp.local\\sysvol\\dollarcorp.moneycorp.local\\Policies\\{6AC1786C-016F-11D2-945F-00C04fB984F9}"},"ObjectIdentifier":"800516C0-1D9D-4CC6-AEAE-7B30FAE46799","Aces":[{"PrincipalSID":"S-1-5-21-1874506631-3219952063-538504511-512","PrincipalType":"Group","RightName":"Owner","AceType":"","IsInherited":false},{"PrincipalSID":"S-1-5-21-280534878-1496970234-700767426-519","PrincipalType":"Unknown","RightName":"WriteDacl","AceType":"","IsInherited":false},{"PrincipalSID":"S-1-5-21-280534878-1496970234-700767426-519","PrincipalType":"Unknown","RightName":"WriteOwner","AceType":"","IsInherited":false},{"PrincipalSID":"S-1-5-21-280534878-1496970234-700767426-519","PrincipalType":"Unknown","RightName":"GenericWrite","AceType":"","IsInherited":false},{"PrincipalSID":"S-1-5-21-1874506631-3219952063-538504511-512","PrincipalType":"Group","RightName":"WriteDacl","AceType":"","IsInherited":false},{"PrincipalSID":"S-1-5-21-1874506631-3219952063-538504511-512","PrincipalType":"Group","RightName":"WriteOwner","AceType":"","IsInherited":false},{"PrincipalSID":"S-1-5-21-1874506631-3219952063-538504511-512","PrincipalType":"Group","RightName":"GenericWrite","AceType":"","IsInherited":false}]},{"Properties":{"highvalue":false,"name":"STUDENTS@DOLLARCORP.MONEYCORP.LOCAL","domain":"DOLLARCORP.MONEYCORP.LOCAL","objectid":"8ECDFE44-B617-4B9E-A9F9-4D548E5DC7B1","distinguishedname":"CN={3E04167E-C2B6-4A9A-8FB7-C811158DC97C},CN=Policies,CN=System,DC=dollarcorp,DC=moneycorp,DC=local","description":null,"gpcpath":"\\\\dollarcorp.moneycorp.local\\SysVol\\dollarcorp.moneycorp.local\\Policies\\{3E04167E-C2B6-4A9A-8FB7-C811158DC97C}"},"ObjectIdentifier":"8ECDFE44-B617-4B9E-A9F9-4D548E5DC7B1","Aces":[{"PrincipalSID":"S-1-5-21-1874506631-3219952063-538504511-512","PrincipalType":"Group","RightName":"Owner","AceType":"","IsInherited":false},{"PrincipalSID":"S-1-5-21-280534878-1496970234-700767426-519","PrincipalType":"Unknown","RightName":"WriteDacl","AceType":"","IsInherited":false},{"PrincipalSID":"S-1-5-21-280534878-1496970234-700767426-519","PrincipalType":"Unknown","RightName":"WriteOwner","AceType":"","IsInherited":false},{"PrincipalSID":"S-1-5-21-280534878-1496970234-700767426-519","PrincipalType":"Unknown","RightName":"GenericWrite","AceType":"","IsInherited":false},{"PrincipalSID":"S-1-5-21-1874506631-3219952063-538504511-512","PrincipalType":"Group","RightName":"WriteDacl","AceType":"","IsInherited":false},{"PrincipalSID":"S-1-5-21-1874506631-3219952063-538504511-512","PrincipalType":"Group","RightName":"WriteOwner","AceType":"","IsInherited":false},{"PrincipalSID":"S-1-5-21-1874506631-3219952063-538504511-512","PrincipalType":"Group","RightName":"GenericWrite","AceType":"","IsInherited":false}]}],"meta":{"count":5,"type":"gpos","version":3}}