﻿{"ous":[{"Properties":{"highvalue":false,"name":"STUDENTMACHINES@DOLLARCORP.MONEYCORP.LOCAL","domain":"DOLLARCORP.MONEYCORP.LOCAL","objectid":"284A1630-3D96-45C6-99A0-1F8D138F29D5","distinguishedname":"OU=StudentMachines,DC=dollarcorp,DC=moneycorp,DC=local","description":null,"blocksinheritance":false},"Links":[{"IsEnforced":false,"Guid":"8ECDFE44-B617-4B9E-A9F9-4D548E5DC7B1"}],"ACLProtected":false,"Users":[],"Computers":["S-1-5-21-1874506631-3219952063-538504511-49663","S-1-5-21-1874506631-3219952063-538504511-49664","S-1-5-21-1874506631-3219952063-538504511-49665","S-1-5-21-1874506631-3219952063-538504511-49666","S-1-5-21-1874506631-3219952063-538504511-49667","S-1-5-21-1874506631-3219952063-538504511-49668","S-1-5-21-1874506631-3219952063-538504511-49669","S-1-5-21-1874506631-3219952063-538504511-49670","S-1-5-21-1874506631-3219952063-538504511-49671","S-1-5-21-1874506631-3219952063-538504511-49672","S-1-5-21-1874506631-3219952063-538504511-49673","S-1-5-21-1874506631-3219952063-538504511-49674","S-1-5-21-1874506631-3219952063-538504511-49675","S-1-5-21-1874506631-3219952063-538504511-49676","S-1-5-21-1874506631-3219952063-538504511-49677","S-1-5-21-1874506631-3219952063-538504511-2149"],"ChildOus":[],"RemoteDesktopUsers":[],"LocalAdmins":[],"DcomUsers":[],"PSRemoteUsers":[],"ObjectIdentifier":"284A1630-3D96-45C6-99A0-1F8D138F29D5","Aces":[{"PrincipalSID":"S-1-5-21-1874506631-3219952063-538504511-512","PrincipalType":"Group","RightName":"Owner","AceType":"","IsInherited":false},{"PrincipalSID":"S-1-5-21-1874506631-3219952063-538504511-512","PrincipalType":"Group","RightName":"GenericAll","AceType":"","IsInherited":false},{"PrincipalSID":"S-1-5-21-280534878-1496970234-700767426-519","PrincipalType":"Unknown","RightName":"GenericAll","AceType":"","IsInherited":true},{"PrincipalSID":"DOLLARCORP.MONEYCORP.LOCAL-S-1-5-32-544","PrincipalType":"Group","RightName":"WriteDacl","AceType":"","IsInherited":true},{"PrincipalSID":"DOLLARCORP.MONEYCORP.LOCAL-S-1-5-32-544","PrincipalType":"Group","RightName":"WriteOwner","AceType":"","IsInherited":true}]},{"Properties":{"highvalue":false,"name":"APPLOCKED@DOLLARCORP.MONEYCORP.LOCAL","domain":"DOLLARCORP.MONEYCORP.LOCAL","objectid":"7C088EAD-B868-47CA-A81D-E7544845CEF8","distinguishedname":"OU=Applocked,DC=dollarcorp,DC=moneycorp,DC=local","description":null,"blocksinheritance":false},"Links":[{"IsEnforced":false,"Guid":"06B004FE-5DA8-4765-83C6-595FD1AF5BCF"}],"ACLProtected":false,"Users":[],"Computers":["S-1-5-21-1874506631-3219952063-538504511-1114"],"ChildOus":[],"RemoteDesktopUsers":[],"LocalAdmins":[],"DcomUsers":[],"PSRemoteUsers":[],"ObjectIdentifier":"7C088EAD-B868-47CA-A81D-E7544845CEF8","Aces":[{"PrincipalSID":"S-1-5-21-1874506631-3219952063-538504511-512","PrincipalType":"Group","RightName":"Owner","AceType":"","IsInherited":false},{"PrincipalSID":"S-1-5-21-1874506631-3219952063-538504511-512","PrincipalType":"Group","RightName":"GenericAll","AceType":"","IsInherited":false},{"PrincipalSID":"S-1-5-21-280534878-1496970234-700767426-519","PrincipalType":"Unknown","RightName":"GenericAll","AceType":"","IsInherited":true},{"PrincipalSID":"DOLLARCORP.MONEYCORP.LOCAL-S-1-5-32-544","PrincipalType":"Group","RightName":"WriteDacl","AceType":"","IsInherited":true},{"PrincipalSID":"DOLLARCORP.MONEYCORP.LOCAL-S-1-5-32-544","PrincipalType":"Group","RightName":"WriteOwner","AceType":"","IsInherited":true}]},{"Properties":{"highvalue":false,"name":"SERVERS@DOLLARCORP.MONEYCORP.LOCAL","domain":"DOLLARCORP.MONEYCORP.LOCAL","objectid":"D22AA5AA-65DF-41F4-8889-5DEB8EBA4AAA","distinguishedname":"OU=Servers,DC=dollarcorp,DC=moneycorp,DC=local","description":null,"blocksinheritance":false},"Links":[{"IsEnforced":false,"Guid":"85432932-9EC6-47EA-9709-92AD11BD3E89"}],"ACLProtected":false,"Users":[],"Computers":["S-1-5-21-1874506631-3219952063-538504511-1128","S-1-5-21-1874506631-3219952063-538504511-1110","S-1-5-21-1874506631-3219952063-538504511-1108","S-1-5-21-1874506631-3219952063-538504511-1111","S-1-5-21-1874506631-3219952063-538504511-1135"],"ChildOus":[],"RemoteDesktopUsers":[],"LocalAdmins":[],"DcomUsers":[],"PSRemoteUsers":[],"ObjectIdentifier":"D22AA5AA-65DF-41F4-8889-5DEB8EBA4AAA","Aces":[{"PrincipalSID":"S-1-5-21-1874506631-3219952063-538504511-512","PrincipalType":"Group","RightName":"Owner","AceType":"","IsInherited":false},{"PrincipalSID":"S-1-5-21-1874506631-3219952063-538504511-512","PrincipalType":"Group","RightName":"GenericAll","AceType":"","IsInherited":false},{"PrincipalSID":"S-1-5-21-280534878-1496970234-700767426-519","PrincipalType":"Unknown","RightName":"GenericAll","AceType":"","IsInherited":true},{"PrincipalSID":"DOLLARCORP.MONEYCORP.LOCAL-S-1-5-32-544","PrincipalType":"Group","RightName":"WriteDacl","AceType":"","IsInherited":true},{"PrincipalSID":"DOLLARCORP.MONEYCORP.LOCAL-S-1-5-32-544","PrincipalType":"Group","RightName":"WriteOwner","AceType":"","IsInherited":true}]},{"Properties":{"highvalue":false,"name":"DOMAIN CONTROLLERS@DOLLARCORP.MONEYCORP.LOCAL","domain":"DOLLARCORP.MONEYCORP.LOCAL","objectid":"051CB518-0BF2-47E4-A3A4-EC36EDF5E662","distinguishedname":"OU=Domain Controllers,DC=dollarcorp,DC=moneycorp,DC=local","description":"Default container for domain controllers","blocksinheritance":false},"Links":[{"IsEnforced":false,"Guid":"800516C0-1D9D-4CC6-AEAE-7B30FAE46799"}],"ACLProtected":false,"Users":[],"Computers":["S-1-5-21-1874506631-3219952063-538504511-1000"],"ChildOus":[],"RemoteDesktopUsers":[],"LocalAdmins":[],"DcomUsers":[],"PSRemoteUsers":[],"ObjectIdentifier":"051CB518-0BF2-47E4-A3A4-EC36EDF5E662","Aces":[{"PrincipalSID":"S-1-5-21-1874506631-3219952063-538504511-512","PrincipalType":"Group","RightName":"Owner","AceType":"","IsInherited":false},{"PrincipalSID":"S-1-5-21-1874506631-3219952063-538504511-512","PrincipalType":"Group","RightName":"WriteDacl","AceType":"","IsInherited":false},{"PrincipalSID":"S-1-5-21-1874506631-3219952063-538504511-512","PrincipalType":"Group","RightName":"WriteOwner","AceType":"","IsInherited":false},{"PrincipalSID":"S-1-5-21-280534878-1496970234-700767426-519","PrincipalType":"Unknown","RightName":"GenericAll","AceType":"","IsInherited":true},{"PrincipalSID":"DOLLARCORP.MONEYCORP.LOCAL-S-1-5-32-544","PrincipalType":"Group","RightName":"WriteDacl","AceType":"","IsInherited":true},{"PrincipalSID":"DOLLARCORP.MONEYCORP.LOCAL-S-1-5-32-544","PrincipalType":"Group","RightName":"WriteOwner","AceType":"","IsInherited":true}]}],"meta":{"count":4,"type":"ous","version":3}}