﻿{"groups":[{"Properties":{"highvalue":true,"name":"ADMINISTRATORS@DOLLARCORP.MONEYCORP.LOCAL","domain":"DOLLARCORP.MONEYCORP.LOCAL","objectid":"DOLLARCORP.MONEYCORP.LOCAL-S-1-5-32-544","distinguishedname":"CN=Administrators,CN=Builtin,DC=dollarcorp,DC=moneycorp,DC=local","description":"Administrators have complete and unrestricted access to the computer/domain","admincount":true},"Members":[{"MemberId":"S-1-5-21-280534878-1496970234-700767426-519","MemberType":"Group"},{"MemberId":"S-1-5-21-1874506631-3219952063-538504511-512","MemberType":"Group"},{"MemberId":"S-1-5-21-1874506631-3219952063-538504511-500","MemberType":"User"}],"ObjectIdentifier":"DOLLARCORP.MONEYCORP.LOCAL-S-1-5-32-544","Aces":[{"PrincipalSID":"S-1-5-21-1874506631-3219952063-538504511-512","PrincipalType":"Group","RightName":"Owner","AceType":"","IsInherited":false},{"PrincipalSID":"DOLLARCORP.MONEYCORP.LOCAL-S-1-5-32-544","PrincipalType":"Group","RightName":"WriteDacl","AceType":"","IsInherited":false},{"PrincipalSID":"DOLLARCORP.MONEYCORP.LOCAL-S-1-5-32-544","PrincipalType":"Group","RightName":"WriteOwner","AceType":"","IsInherited":false},{"PrincipalSID":"DOLLARCORP.MONEYCORP.LOCAL-S-1-5-32-544","PrincipalType":"Group","RightName":"GenericWrite","AceType":"","IsInherited":false},{"PrincipalSID":"S-1-5-21-280534878-1496970234-700767426-519","PrincipalType":"Unknown","RightName":"WriteDacl","AceType":"","IsInherited":false},{"PrincipalSID":"S-1-5-21-280534878-1496970234-700767426-519","PrincipalType":"Unknown","RightName":"WriteOwner","AceType":"","IsInherited":false},{"PrincipalSID":"S-1-5-21-280534878-1496970234-700767426-519","PrincipalType":"Unknown","RightName":"GenericWrite","AceType":"","IsInherited":false},{"PrincipalSID":"S-1-5-21-1874506631-3219952063-538504511-512","PrincipalType":"Group","RightName":"WriteDacl","AceType":"","IsInherited":false},{"PrincipalSID":"S-1-5-21-1874506631-3219952063-538504511-512","PrincipalType":"Group","RightName":"WriteOwner","AceType":"","IsInherited":false},{"PrincipalSID":"S-1-5-21-1874506631-3219952063-538504511-512","PrincipalType":"Group","RightName":"GenericWrite","AceType":"","IsInherited":false}]},{"Properties":{"highvalue":false,"name":"USERS@DOLLARCORP.MONEYCORP.LOCAL","domain":"DOLLARCORP.MONEYCORP.LOCAL","objectid":"DOLLARCORP.MONEYCORP.LOCAL-S-1-5-32-545","distinguishedname":"CN=Users,CN=Builtin,DC=dollarcorp,DC=moneycorp,DC=local","description":"Users are prevented from making accidental or intentional system-wide changes and can run most applications","admincount":false},"Members":[{"MemberId":"S-1-5-21-1874506631-3219952063-538504511-513","MemberType":"Group"},{"MemberId":"DOLLARCORP.MONEYCORP.LOCAL-S-1-5-11","MemberType":"Group"},{"MemberId":"DOLLARCORP.MONEYCORP.LOCAL-S-1-5-4","MemberType":"Group"}],"ObjectIdentifier":"DOLLARCORP.MONEYCORP.LOCAL-S-1-5-32-545","Aces":[{"PrincipalSID":"DOLLARCORP.MONEYCORP.LOCAL-S-1-5-32-544","PrincipalType":"Group","RightName":"Owner","AceType":"","IsInherited":false},{"PrincipalSID":"DOLLARCORP.MONEYCORP.LOCAL-S-1-5-32-548","PrincipalType":"Group","RightName":"GenericAll","AceType":"","IsInherited":false},{"PrincipalSID":"S-1-5-21-1874506631-3219952063-538504511-512","PrincipalType":"Group","RightName":"GenericAll","AceType":"","IsInherited":false},{"PrincipalSID":"S-1-5-21-280534878-1496970234-700767426-519","PrincipalType":"Unknown","RightName":"GenericAll","AceType":"","IsInherited":true},{"PrincipalSID":"DOLLARCORP.MONEYCORP.LOCAL-S-1-5-32-544","PrincipalType":"Group","RightName":"WriteDacl","AceType":"","IsInherited":true},{"PrincipalSID":"DOLLARCORP.MONEYCORP.LOCAL-S-1-5-32-544","PrincipalType":"Group","RightName":"WriteOwner","AceType":"","IsInherited":true},{"PrincipalSID":"DOLLARCORP.MONEYCORP.LOCAL-S-1-5-32-544","PrincipalType":"Group","RightName":"GenericWrite","AceType":"","IsInherited":true}]},{"Properties":{"highvalue":false,"name":"IIS_IUSRS@DOLLARCORP.MONEYCORP.LOCAL","domain":"DOLLARCORP.MONEYCORP.LOCAL","objectid":"DOLLARCORP.MONEYCORP.LOCAL-S-1-5-32-568","distinguishedname":"CN=IIS_IUSRS,CN=Builtin,DC=dollarcorp,DC=moneycorp,DC=local","description":"Built-in group used by Internet Information Services.","admincount":false},"Members":[{"MemberId":"DOLLARCORP.MONEYCORP.LOCAL-S-1-5-17","MemberType":"Group"}],"ObjectIdentifier":"DOLLARCORP.MONEYCORP.LOCAL-S-1-5-32-568","Aces":[{"PrincipalSID":"DOLLARCORP.MONEYCORP.LOCAL-S-1-5-32-544","PrincipalType":"Group","RightName":"Owner","AceType":"","IsInherited":false},{"PrincipalSID":"DOLLARCORP.MONEYCORP.LOCAL-S-1-5-32-548","PrincipalType":"Group","RightName":"GenericAll","AceType":"","IsInherited":false},{"PrincipalSID":"S-1-5-21-1874506631-3219952063-538504511-512","PrincipalType":"Group","RightName":"GenericAll","AceType":"","IsInherited":false},{"PrincipalSID":"S-1-5-21-280534878-1496970234-700767426-519","PrincipalType":"Unknown","RightName":"GenericAll","AceType":"","IsInherited":true},{"PrincipalSID":"DOLLARCORP.MONEYCORP.LOCAL-S-1-5-32-544","PrincipalType":"Group","RightName":"WriteDacl","AceType":"","IsInherited":true},{"PrincipalSID":"DOLLARCORP.MONEYCORP.LOCAL-S-1-5-32-544","PrincipalType":"Group","RightName":"WriteOwner","AceType":"","IsInherited":true},{"PrincipalSID":"DOLLARCORP.MONEYCORP.LOCAL-S-1-5-32-544","PrincipalType":"Group","RightName":"GenericWrite","AceType":"","IsInherited":true}]},{"Properties":{"highvalue":true,"name":"PRINT OPERATORS@DOLLARCORP.MONEYCORP.LOCAL","domain":"DOLLARCORP.MONEYCORP.LOCAL","objectid":"DOLLARCORP.MONEYCORP.LOCAL-S-1-5-32-550","distinguishedname":"CN=Print Operators,CN=Builtin,DC=dollarcorp,DC=moneycorp,DC=local","description":"Members can administer printers installed on domain controllers","admincount":true},"Members":[],"ObjectIdentifier":"DOLLARCORP.MONEYCORP.LOCAL-S-1-5-32-550","Aces":[{"PrincipalSID":"S-1-5-21-1874506631-3219952063-538504511-512","PrincipalType":"Group","RightName":"Owner","AceType":"","IsInherited":false},{"PrincipalSID":"DOLLARCORP.MONEYCORP.LOCAL-S-1-5-32-544","PrincipalType":"Group","RightName":"WriteDacl","AceType":"","IsInherited":false},{"PrincipalSID":"DOLLARCORP.MONEYCORP.LOCAL-S-1-5-32-544","PrincipalType":"Group","RightName":"WriteOwner","AceType":"","IsInherited":false},{"PrincipalSID":"DOLLARCORP.MONEYCORP.LOCAL-S-1-5-32-544","PrincipalType":"Group","RightName":"GenericWrite","AceType":"","IsInherited":false},{"PrincipalSID":"S-1-5-21-280534878-1496970234-700767426-519","PrincipalType":"Unknown","RightName":"WriteDacl","AceType":"","IsInherited":false},{"PrincipalSID":"S-1-5-21-280534878-1496970234-700767426-519","PrincipalType":"Unknown","RightName":"WriteOwner","AceType":"","IsInherited":false},{"PrincipalSID":"S-1-5-21-280534878-1496970234-700767426-519","PrincipalType":"Unknown","RightName":"GenericWrite","AceType":"","IsInherited":false},{"PrincipalSID":"S-1-5-21-1874506631-3219952063-538504511-512","PrincipalType":"Group","RightName":"WriteDacl","AceType":"","IsInherited":false},{"PrincipalSID":"S-1-5-21-1874506631-3219952063-538504511-512","PrincipalType":"Group","RightName":"WriteOwner","AceType":"","IsInherited":false},{"PrincipalSID":"S-1-5-21-1874506631-3219952063-538504511-512","PrincipalType":"Group","RightName":"GenericWrite","AceType":"","IsInherited":false}]},{"Properties":{"highvalue":false,"name":"GUESTS@DOLLARCORP.MONEYCORP.LOCAL","domain":"DOLLARCORP.MONEYCORP.LOCAL","objectid":"DOLLARCORP.MONEYCORP.LOCAL-S-1-5-32-546","distinguishedname":"CN=Guests,CN=Builtin,DC=dollarcorp,DC=moneycorp,DC=local","description":"Guests have the same access as members of the Users group by default, except for the Guest account which is further restricted","admincount":false},"Members":[{"MemberId":"S-1-5-21-1874506631-3219952063-538504511-514","MemberType":"Group"},{"MemberId":"S-1-5-21-1874506631-3219952063-538504511-501","MemberType":"User"}],"ObjectIdentifier":"DOLLARCORP.MONEYCORP.LOCAL-S-1-5-32-546","Aces":[{"PrincipalSID":"DOLLARCORP.MONEYCORP.LOCAL-S-1-5-32-544","PrincipalType":"Group","RightName":"Owner","AceType":"","IsInherited":false},{"PrincipalSID":"DOLLARCORP.MONEYCORP.LOCAL-S-1-5-32-548","PrincipalType":"Group","RightName":"GenericAll","AceType":"","IsInherited":false},{"PrincipalSID":"S-1-5-21-1874506631-3219952063-538504511-512","PrincipalType":"Group","RightName":"GenericAll","AceType":"","IsInherited":false},{"PrincipalSID":"S-1-5-21-280534878-1496970234-700767426-519","PrincipalType":"Unknown","RightName":"GenericAll","AceType":"","IsInherited":true},{"PrincipalSID":"DOLLARCORP.MONEYCORP.LOCAL-S-1-5-32-544","PrincipalType":"Group","RightName":"WriteDacl","AceType":"","IsInherited":true},{"PrincipalSID":"DOLLARCORP.MONEYCORP.LOCAL-S-1-5-32-544","PrincipalType":"Group","RightName":"WriteOwner","AceType":"","IsInherited":true},{"PrincipalSID":"DOLLARCORP.MONEYCORP.LOCAL-S-1-5-32-544","PrincipalType":"Group","RightName":"GenericWrite","AceType":"","IsInherited":true}]},{"Properties":{"highvalue":false,"name":"REMOTE DESKTOP USERS@DOLLARCORP.MONEYCORP.LOCAL","domain":"DOLLARCORP.MONEYCORP.LOCAL","objectid":"DOLLARCORP.MONEYCORP.LOCAL-S-1-5-32-555","distinguishedname":"CN=Remote Desktop Users,CN=Builtin,DC=dollarcorp,DC=moneycorp,DC=local","description":"Members in this group are granted the right to logon remotely","admincount":false},"Members":[],"ObjectIdentifier":"DOLLARCORP.MONEYCORP.LOCAL-S-1-5-32-555","Aces":[{"PrincipalSID":"DOLLARCORP.MONEYCORP.LOCAL-S-1-5-32-544","PrincipalType":"Group","RightName":"Owner","AceType":"","IsInherited":false},{"PrincipalSID":"DOLLARCORP.MONEYCORP.LOCAL-S-1-5-32-548","PrincipalType":"Group","RightName":"GenericAll","AceType":"","IsInherited":false},{"PrincipalSID":"S-1-5-21-1874506631-3219952063-538504511-512","PrincipalType":"Group","RightName":"GenericAll","AceType":"","IsInherited":false},{"PrincipalSID":"S-1-5-21-280534878-1496970234-700767426-519","PrincipalType":"Unknown","RightName":"GenericAll","AceType":"","IsInherited":true},{"PrincipalSID":"DOLLARCORP.MONEYCORP.LOCAL-S-1-5-32-544","PrincipalType":"Group","RightName":"WriteDacl","AceType":"","IsInherited":true},{"PrincipalSID":"DOLLARCORP.MONEYCORP.LOCAL-S-1-5-32-544","PrincipalType":"Group","RightName":"WriteOwner","AceType":"","IsInherited":true},{"PrincipalSID":"DOLLARCORP.MONEYCORP.LOCAL-S-1-5-32-544","PrincipalType":"Group","RightName":"GenericWrite","AceType":"","IsInherited":true}]},{"Properties":{"highvalue":false,"name":"REPLICATORS@DOLLARCORP.MONEYCORP.LOCAL","domain":"DOLLARCORP.MONEYCORP.LOCAL","objectid":"DOLLARCORP.MONEYCORP.LOCAL-S-1-5-32-552","distinguishedname":"CN=Replicator,CN=Builtin,DC=dollarcorp,DC=moneycorp,DC=local","description":"Supports file replication in a domain","admincount":true},"Members":[],"ObjectIdentifier":"DOLLARCORP.MONEYCORP.LOCAL-S-1-5-32-552","Aces":[{"PrincipalSID":"S-1-5-21-1874506631-3219952063-538504511-512","PrincipalType":"Group","RightName":"Owner","AceType":"","IsInherited":false},{"PrincipalSID":"DOLLARCORP.MONEYCORP.LOCAL-S-1-5-32-544","PrincipalType":"Group","RightName":"WriteDacl","AceType":"","IsInherited":false},{"PrincipalSID":"DOLLARCORP.MONEYCORP.LOCAL-S-1-5-32-544","PrincipalType":"Group","RightName":"WriteOwner","AceType":"","IsInherited":false},{"PrincipalSID":"DOLLARCORP.MONEYCORP.LOCAL-S-1-5-32-544","PrincipalType":"Group","RightName":"GenericWrite","AceType":"","IsInherited":false},{"PrincipalSID":"S-1-5-21-280534878-1496970234-700767426-519","PrincipalType":"Unknown","RightName":"WriteDacl","AceType":"","IsInherited":false},{"PrincipalSID":"S-1-5-21-280534878-1496970234-700767426-519","PrincipalType":"Unknown","RightName":"WriteOwner","AceType":"","IsInherited":false},{"PrincipalSID":"S-1-5-21-280534878-1496970234-700767426-519","PrincipalType":"Unknown","RightName":"GenericWrite","AceType":"","IsInherited":false},{"PrincipalSID":"S-1-5-21-1874506631-3219952063-538504511-512","PrincipalType":"Group","RightName":"WriteDacl","AceType":"","IsInherited":false},{"PrincipalSID":"S-1-5-21-1874506631-3219952063-538504511-512","PrincipalType":"Group","RightName":"WriteOwner","AceType":"","IsInherited":false},{"PrincipalSID":"S-1-5-21-1874506631-3219952063-538504511-512","PrincipalType":"Group","RightName":"GenericWrite","AceType":"","IsInherited":false}]},{"Properties":{"highvalue":true,"name":"BACKUP OPERATORS@DOLLARCORP.MONEYCORP.LOCAL","domain":"DOLLARCORP.MONEYCORP.LOCAL","objectid":"DOLLARCORP.MONEYCORP.LOCAL-S-1-5-32-551","distinguishedname":"CN=Backup Operators,CN=Builtin,DC=dollarcorp,DC=moneycorp,DC=local","description":"Backup Operators can override security restrictions for the sole purpose of backing up or restoring files","admincount":true},"Members":[],"ObjectIdentifier":"DOLLARCORP.MONEYCORP.LOCAL-S-1-5-32-551","Aces":[{"PrincipalSID":"S-1-5-21-1874506631-3219952063-538504511-512","PrincipalType":"Group","RightName":"Owner","AceType":"","IsInherited":false},{"PrincipalSID":"DOLLARCORP.MONEYCORP.LOCAL-S-1-5-32-544","PrincipalType":"Group","RightName":"WriteDacl","AceType":"","IsInherited":false},{"PrincipalSID":"DOLLARCORP.MONEYCORP.LOCAL-S-1-5-32-544","PrincipalType":"Group","RightName":"WriteOwner","AceType":"","IsInherited":false},{"PrincipalSID":"DOLLARCORP.MONEYCORP.LOCAL-S-1-5-32-544","PrincipalType":"Group","RightName":"GenericWrite","AceType":"","IsInherited":false},{"PrincipalSID":"S-1-5-21-280534878-1496970234-700767426-519","PrincipalType":"Unknown","RightName":"WriteDacl","AceType":"","IsInherited":false},{"PrincipalSID":"S-1-5-21-280534878-1496970234-700767426-519","PrincipalType":"Unknown","RightName":"WriteOwner","AceType":"","IsInherited":false},{"PrincipalSID":"S-1-5-21-280534878-1496970234-700767426-519","PrincipalType":"Unknown","RightName":"GenericWrite","AceType":"","IsInherited":false},{"PrincipalSID":"S-1-5-21-1874506631-3219952063-538504511-512","PrincipalType":"Group","RightName":"WriteDacl","AceType":"","IsInherited":false},{"PrincipalSID":"S-1-5-21-1874506631-3219952063-538504511-512","PrincipalType":"Group","RightName":"WriteOwner","AceType":"","IsInherited":false},{"PrincipalSID":"S-1-5-21-1874506631-3219952063-538504511-512","PrincipalType":"Group","RightName":"GenericWrite","AceType":"","IsInherited":false}]},{"Properties":{"highvalue":false,"name":"NETWORK CONFIGURATION OPERATORS@DOLLARCORP.MONEYCORP.LOCAL","domain":"DOLLARCORP.MONEYCORP.LOCAL","objectid":"DOLLARCORP.MONEYCORP.LOCAL-S-1-5-32-556","distinguishedname":"CN=Network Configuration Operators,CN=Builtin,DC=dollarcorp,DC=moneycorp,DC=local","description":"Members in this group can have some administrative privileges to manage configuration of networking features","admincount":false},"Members":[],"ObjectIdentifier":"DOLLARCORP.MONEYCORP.LOCAL-S-1-5-32-556","Aces":[{"PrincipalSID":"DOLLARCORP.MONEYCORP.LOCAL-S-1-5-32-544","PrincipalType":"Group","RightName":"Owner","AceType":"","IsInherited":false},{"PrincipalSID":"DOLLARCORP.MONEYCORP.LOCAL-S-1-5-32-548","PrincipalType":"Group","RightName":"GenericAll","AceType":"","IsInherited":false},{"PrincipalSID":"S-1-5-21-1874506631-3219952063-538504511-512","PrincipalType":"Group","RightName":"GenericAll","AceType":"","IsInherited":false},{"PrincipalSID":"S-1-5-21-280534878-1496970234-700767426-519","PrincipalType":"Unknown","RightName":"GenericAll","AceType":"","IsInherited":true},{"PrincipalSID":"DOLLARCORP.MONEYCORP.LOCAL-S-1-5-32-544","PrincipalType":"Group","RightName":"WriteDacl","AceType":"","IsInherited":true},{"PrincipalSID":"DOLLARCORP.MONEYCORP.LOCAL-S-1-5-32-544","PrincipalType":"Group","RightName":"WriteOwner","AceType":"","IsInherited":true},{"PrincipalSID":"DOLLARCORP.MONEYCORP.LOCAL-S-1-5-32-544","PrincipalType":"Group","RightName":"GenericWrite","AceType":"","IsInherited":true}]},{"Properties":{"highvalue":false,"name":"CRYPTOGRAPHIC OPERATORS@DOLLARCORP.MONEYCORP.LOCAL","domain":"DOLLARCORP.MONEYCORP.LOCAL","objectid":"DOLLARCORP.MONEYCORP.LOCAL-S-1-5-32-569","distinguishedname":"CN=Cryptographic Operators,CN=Builtin,DC=dollarcorp,DC=moneycorp,DC=local","description":"Members are authorized to perform cryptographic operations.","admincount":false},"Members":[],"ObjectIdentifier":"DOLLARCORP.MONEYCORP.LOCAL-S-1-5-32-569","Aces":[{"PrincipalSID":"DOLLARCORP.MONEYCORP.LOCAL-S-1-5-32-544","PrincipalType":"Group","RightName":"Owner","AceType":"","IsInherited":false},{"PrincipalSID":"DOLLARCORP.MONEYCORP.LOCAL-S-1-5-32-548","PrincipalType":"Group","RightName":"GenericAll","AceType":"","IsInherited":false},{"PrincipalSID":"S-1-5-21-1874506631-3219952063-538504511-512","PrincipalType":"Group","RightName":"GenericAll","AceType":"","IsInherited":false},{"PrincipalSID":"S-1-5-21-280534878-1496970234-700767426-519","PrincipalType":"Unknown","RightName":"GenericAll","AceType":"","IsInherited":true},{"PrincipalSID":"DOLLARCORP.MONEYCORP.LOCAL-S-1-5-32-544","PrincipalType":"Group","RightName":"WriteDacl","AceType":"","IsInherited":true},{"PrincipalSID":"DOLLARCORP.MONEYCORP.LOCAL-S-1-5-32-544","PrincipalType":"Group","RightName":"WriteOwner","AceType":"","IsInherited":true},{"PrincipalSID":"DOLLARCORP.MONEYCORP.LOCAL-S-1-5-32-544","PrincipalType":"Group","RightName":"GenericWrite","AceType":"","IsInherited":true}]},{"Properties":{"highvalue":false,"name":"RDS MANAGEMENT SERVERS@DOLLARCORP.MONEYCORP.LOCAL","domain":"DOLLARCORP.MONEYCORP.LOCAL","objectid":"DOLLARCORP.MONEYCORP.LOCAL-S-1-5-32-577","distinguishedname":"CN=RDS Management Servers,CN=Builtin,DC=dollarcorp,DC=moneycorp,DC=local","description":"Servers in this group can perform routine administrative actions on servers running Remote Desktop Services. This group needs to be populated on all servers in a Remote Desktop Services deployment. The servers running the RDS Central Management service must be included in this group.","admincount":false},"Members":[],"ObjectIdentifier":"DOLLARCORP.MONEYCORP.LOCAL-S-1-5-32-577","Aces":[{"PrincipalSID":"DOLLARCORP.MONEYCORP.LOCAL-S-1-5-32-544","PrincipalType":"Group","RightName":"Owner","AceType":"","IsInherited":false},{"PrincipalSID":"DOLLARCORP.MONEYCORP.LOCAL-S-1-5-32-548","PrincipalType":"Group","RightName":"GenericAll","AceType":"","IsInherited":false},{"PrincipalSID":"S-1-5-21-1874506631-3219952063-538504511-512","PrincipalType":"Group","RightName":"GenericAll","AceType":"","IsInherited":false},{"PrincipalSID":"S-1-5-21-280534878-1496970234-700767426-519","PrincipalType":"Unknown","RightName":"GenericAll","AceType":"","IsInherited":true},{"PrincipalSID":"DOLLARCORP.MONEYCORP.LOCAL-S-1-5-32-544","PrincipalType":"Group","RightName":"WriteDacl","AceType":"","IsInherited":true},{"PrincipalSID":"DOLLARCORP.MONEYCORP.LOCAL-S-1-5-32-544","PrincipalType":"Group","RightName":"WriteOwner","AceType":"","IsInherited":true},{"PrincipalSID":"DOLLARCORP.MONEYCORP.LOCAL-S-1-5-32-544","PrincipalType":"Group","RightName":"GenericWrite","AceType":"","IsInherited":true}]},{"Properties":{"highvalue":false,"name":"HYPER-V ADMINISTRATORS@DOLLARCORP.MONEYCORP.LOCAL","domain":"DOLLARCORP.MONEYCORP.LOCAL","objectid":"DOLLARCORP.MONEYCORP.LOCAL-S-1-5-32-578","distinguishedname":"CN=Hyper-V Administrators,CN=Builtin,DC=dollarcorp,DC=moneycorp,DC=local","description":"Members of this group have complete and unrestricted access to all features of Hyper-V.","admincount":false},"Members":[],"ObjectIdentifier":"DOLLARCORP.MONEYCORP.LOCAL-S-1-5-32-578","Aces":[{"PrincipalSID":"DOLLARCORP.MONEYCORP.LOCAL-S-1-5-32-544","PrincipalType":"Group","RightName":"Owner","AceType":"","IsInherited":false},{"PrincipalSID":"DOLLARCORP.MONEYCORP.LOCAL-S-1-5-32-548","PrincipalType":"Group","RightName":"GenericAll","AceType":"","IsInherited":false},{"PrincipalSID":"S-1-5-21-1874506631-3219952063-538504511-512","PrincipalType":"Group","RightName":"GenericAll","AceType":"","IsInherited":false},{"PrincipalSID":"S-1-5-21-280534878-1496970234-700767426-519","PrincipalType":"Unknown","RightName":"GenericAll","AceType":"","IsInherited":true},{"PrincipalSID":"DOLLARCORP.MONEYCORP.LOCAL-S-1-5-32-544","PrincipalType":"Group","RightName":"WriteDacl","AceType":"","IsInherited":true},{"PrincipalSID":"DOLLARCORP.MONEYCORP.LOCAL-S-1-5-32-544","PrincipalType":"Group","RightName":"WriteOwner","AceType":"","IsInherited":true},{"PrincipalSID":"DOLLARCORP.MONEYCORP.LOCAL-S-1-5-32-544","PrincipalType":"Group","RightName":"GenericWrite","AceType":"","IsInherited":true}]},{"Properties":{"highvalue":false,"name":"SYSTEM MANAGED ACCOUNTS GROUP@DOLLARCORP.MONEYCORP.LOCAL","domain":"DOLLARCORP.MONEYCORP.LOCAL","objectid":"S-1-5-32-581","distinguishedname":"CN=System Managed Accounts Group,CN=Builtin,DC=dollarcorp,DC=moneycorp,DC=local","description":"Members of this group are managed by the system.","admincount":false},"Members":[{"MemberId":"S-1-5-21-1874506631-3219952063-538504511-503","MemberType":"User"}],"ObjectIdentifier":"S-1-5-32-581","Aces":[{"PrincipalSID":"DOLLARCORP.MONEYCORP.LOCAL-S-1-5-32-544","PrincipalType":"Group","RightName":"Owner","AceType":"","IsInherited":false},{"PrincipalSID":"DOLLARCORP.MONEYCORP.LOCAL-S-1-5-32-548","PrincipalType":"Group","RightName":"GenericAll","AceType":"","IsInherited":false},{"PrincipalSID":"S-1-5-21-1874506631-3219952063-538504511-512","PrincipalType":"Group","RightName":"GenericAll","AceType":"","IsInherited":false},{"PrincipalSID":"S-1-5-21-280534878-1496970234-700767426-519","PrincipalType":"Unknown","RightName":"GenericAll","AceType":"","IsInherited":true},{"PrincipalSID":"DOLLARCORP.MONEYCORP.LOCAL-S-1-5-32-544","PrincipalType":"Group","RightName":"WriteDacl","AceType":"","IsInherited":true},{"PrincipalSID":"DOLLARCORP.MONEYCORP.LOCAL-S-1-5-32-544","PrincipalType":"Group","RightName":"WriteOwner","AceType":"","IsInherited":true},{"PrincipalSID":"DOLLARCORP.MONEYCORP.LOCAL-S-1-5-32-544","PrincipalType":"Group","RightName":"GenericWrite","AceType":"","IsInherited":true}]},{"Properties":{"highvalue":true,"name":"SERVER OPERATORS@DOLLARCORP.MONEYCORP.LOCAL","domain":"DOLLARCORP.MONEYCORP.LOCAL","objectid":"DOLLARCORP.MONEYCORP.LOCAL-S-1-5-32-549","distinguishedname":"CN=Server Operators,CN=Builtin,DC=dollarcorp,DC=moneycorp,DC=local","description":"Members can administer domain servers","admincount":true},"Members":[],"ObjectIdentifier":"DOLLARCORP.MONEYCORP.LOCAL-S-1-5-32-549","Aces":[{"PrincipalSID":"S-1-5-21-1874506631-3219952063-538504511-512","PrincipalType":"Group","RightName":"Owner","AceType":"","IsInherited":false},{"PrincipalSID":"DOLLARCORP.MONEYCORP.LOCAL-S-1-5-32-544","PrincipalType":"Group","RightName":"WriteDacl","AceType":"","IsInherited":false},{"PrincipalSID":"DOLLARCORP.MONEYCORP.LOCAL-S-1-5-32-544","PrincipalType":"Group","RightName":"WriteOwner","AceType":"","IsInherited":false},{"PrincipalSID":"DOLLARCORP.MONEYCORP.LOCAL-S-1-5-32-544","PrincipalType":"Group","RightName":"GenericWrite","AceType":"","IsInherited":false},{"PrincipalSID":"S-1-5-21-280534878-1496970234-700767426-519","PrincipalType":"Unknown","RightName":"WriteDacl","AceType":"","IsInherited":false},{"PrincipalSID":"S-1-5-21-280534878-1496970234-700767426-519","PrincipalType":"Unknown","RightName":"WriteOwner","AceType":"","IsInherited":false},{"PrincipalSID":"S-1-5-21-280534878-1496970234-700767426-519","PrincipalType":"Unknown","RightName":"GenericWrite","AceType":"","IsInherited":false},{"PrincipalSID":"S-1-5-21-1874506631-3219952063-538504511-512","PrincipalType":"Group","RightName":"WriteDacl","AceType":"","IsInherited":false},{"PrincipalSID":"S-1-5-21-1874506631-3219952063-538504511-512","PrincipalType":"Group","RightName":"WriteOwner","AceType":"","IsInherited":false},{"PrincipalSID":"S-1-5-21-1874506631-3219952063-538504511-512","PrincipalType":"Group","RightName":"GenericWrite","AceType":"","IsInherited":false}]},{"Properties":{"highvalue":false,"name":"PERFORMANCE MONITOR USERS@DOLLARCORP.MONEYCORP.LOCAL","domain":"DOLLARCORP.MONEYCORP.LOCAL","objectid":"DOLLARCORP.MONEYCORP.LOCAL-S-1-5-32-558","distinguishedname":"CN=Performance Monitor Users,CN=Builtin,DC=dollarcorp,DC=moneycorp,DC=local","description":"Members of this group can access performance counter data locally and remotely","admincount":false},"Members":[],"ObjectIdentifier":"DOLLARCORP.MONEYCORP.LOCAL-S-1-5-32-558","Aces":[{"PrincipalSID":"DOLLARCORP.MONEYCORP.LOCAL-S-1-5-32-544","PrincipalType":"Group","RightName":"Owner","AceType":"","IsInherited":false},{"PrincipalSID":"DOLLARCORP.MONEYCORP.LOCAL-S-1-5-32-548","PrincipalType":"Group","RightName":"GenericAll","AceType":"","IsInherited":false},{"PrincipalSID":"S-1-5-21-1874506631-3219952063-538504511-512","PrincipalType":"Group","RightName":"GenericAll","AceType":"","IsInherited":false},{"PrincipalSID":"S-1-5-21-280534878-1496970234-700767426-519","PrincipalType":"Unknown","RightName":"GenericAll","AceType":"","IsInherited":true},{"PrincipalSID":"DOLLARCORP.MONEYCORP.LOCAL-S-1-5-32-544","PrincipalType":"Group","RightName":"WriteDacl","AceType":"","IsInherited":true},{"PrincipalSID":"DOLLARCORP.MONEYCORP.LOCAL-S-1-5-32-544","PrincipalType":"Group","RightName":"WriteOwner","AceType":"","IsInherited":true},{"PrincipalSID":"DOLLARCORP.MONEYCORP.LOCAL-S-1-5-32-544","PrincipalType":"Group","RightName":"GenericWrite","AceType":"","IsInherited":true}]},{"Properties":{"highvalue":false,"name":"EVENT LOG READERS@DOLLARCORP.MONEYCORP.LOCAL","domain":"DOLLARCORP.MONEYCORP.LOCAL","objectid":"DOLLARCORP.MONEYCORP.LOCAL-S-1-5-32-573","distinguishedname":"CN=Event Log Readers,CN=Builtin,DC=dollarcorp,DC=moneycorp,DC=local","description":"Members of this group can read event logs from local machine","admincount":false},"Members":[],"ObjectIdentifier":"DOLLARCORP.MONEYCORP.LOCAL-S-1-5-32-573","Aces":[{"PrincipalSID":"DOLLARCORP.MONEYCORP.LOCAL-S-1-5-32-544","PrincipalType":"Group","RightName":"Owner","AceType":"","IsInherited":false},{"PrincipalSID":"DOLLARCORP.MONEYCORP.LOCAL-S-1-5-32-548","PrincipalType":"Group","RightName":"GenericAll","AceType":"","IsInherited":false},{"PrincipalSID":"S-1-5-21-1874506631-3219952063-538504511-512","PrincipalType":"Group","RightName":"GenericAll","AceType":"","IsInherited":false},{"PrincipalSID":"S-1-5-21-280534878-1496970234-700767426-519","PrincipalType":"Unknown","RightName":"GenericAll","AceType":"","IsInherited":true},{"PrincipalSID":"DOLLARCORP.MONEYCORP.LOCAL-S-1-5-32-544","PrincipalType":"Group","RightName":"WriteDacl","AceType":"","IsInherited":true},{"PrincipalSID":"DOLLARCORP.MONEYCORP.LOCAL-S-1-5-32-544","PrincipalType":"Group","RightName":"WriteOwner","AceType":"","IsInherited":true},{"PrincipalSID":"DOLLARCORP.MONEYCORP.LOCAL-S-1-5-32-544","PrincipalType":"Group","RightName":"GenericWrite","AceType":"","IsInherited":true}]},{"Properties":{"highvalue":false,"name":"DENIED RODC PASSWORD REPLICATION GROUP@DOLLARCORP.MONEYCORP.LOCAL","domain":"DOLLARCORP.MONEYCORP.LOCAL","objectid":"S-1-5-21-1874506631-3219952063-538504511-572","distinguishedname":"CN=Denied RODC Password Replication Group,CN=Users,DC=dollarcorp,DC=moneycorp,DC=local","description":"Members in this group cannot have their passwords replicated to any read-only domain controllers in the domain","admincount":false},"Members":[{"MemberId":"S-1-5-21-280534878-1496970234-700767426-519","MemberType":"Group"},{"MemberId":"S-1-5-21-280534878-1496970234-700767426-518","MemberType":"Group"},{"MemberId":"S-1-5-21-1874506631-3219952063-538504511-521","MemberType":"Group"},{"MemberId":"S-1-5-21-1874506631-3219952063-538504511-520","MemberType":"Group"},{"MemberId":"S-1-5-21-1874506631-3219952063-538504511-512","MemberType":"Group"},{"MemberId":"S-1-5-21-1874506631-3219952063-538504511-517","MemberType":"Group"},{"MemberId":"S-1-5-21-1874506631-3219952063-538504511-516","MemberType":"Group"},{"MemberId":"S-1-5-21-1874506631-3219952063-538504511-502","MemberType":"User"}],"ObjectIdentifier":"S-1-5-21-1874506631-3219952063-538504511-572","Aces":[{"PrincipalSID":"S-1-5-21-1874506631-3219952063-538504511-512","PrincipalType":"Group","RightName":"Owner","AceType":"","IsInherited":false},{"PrincipalSID":"DOLLARCORP.MONEYCORP.LOCAL-S-1-5-32-548","PrincipalType":"Group","RightName":"GenericAll","AceType":"","IsInherited":false},{"PrincipalSID":"S-1-5-21-1874506631-3219952063-538504511-512","PrincipalType":"Group","RightName":"GenericAll","AceType":"","IsInherited":false},{"PrincipalSID":"S-1-5-21-280534878-1496970234-700767426-519","PrincipalType":"Unknown","RightName":"GenericAll","AceType":"","IsInherited":true},{"PrincipalSID":"DOLLARCORP.MONEYCORP.LOCAL-S-1-5-32-544","PrincipalType":"Group","RightName":"WriteDacl","AceType":"","IsInherited":true},{"PrincipalSID":"DOLLARCORP.MONEYCORP.LOCAL-S-1-5-32-544","PrincipalType":"Group","RightName":"WriteOwner","AceType":"","IsInherited":true},{"PrincipalSID":"DOLLARCORP.MONEYCORP.LOCAL-S-1-5-32-544","PrincipalType":"Group","RightName":"GenericWrite","AceType":"","IsInherited":true}]},{"Properties":{"highvalue":true,"name":"ACCOUNT OPERATORS@DOLLARCORP.MONEYCORP.LOCAL","domain":"DOLLARCORP.MONEYCORP.LOCAL","objectid":"DOLLARCORP.MONEYCORP.LOCAL-S-1-5-32-548","distinguishedname":"CN=Account Operators,CN=Builtin,DC=dollarcorp,DC=moneycorp,DC=local","description":"Members can administer domain user and group accounts","admincount":true},"Members":[],"ObjectIdentifier":"DOLLARCORP.MONEYCORP.LOCAL-S-1-5-32-548","Aces":[{"PrincipalSID":"S-1-5-21-1874506631-3219952063-538504511-512","PrincipalType":"Group","RightName":"Owner","AceType":"","IsInherited":false},{"PrincipalSID":"DOLLARCORP.MONEYCORP.LOCAL-S-1-5-32-544","PrincipalType":"Group","RightName":"WriteDacl","AceType":"","IsInherited":false},{"PrincipalSID":"DOLLARCORP.MONEYCORP.LOCAL-S-1-5-32-544","PrincipalType":"Group","RightName":"WriteOwner","AceType":"","IsInherited":false},{"PrincipalSID":"DOLLARCORP.MONEYCORP.LOCAL-S-1-5-32-544","PrincipalType":"Group","RightName":"GenericWrite","AceType":"","IsInherited":false},{"PrincipalSID":"S-1-5-21-280534878-1496970234-700767426-519","PrincipalType":"Unknown","RightName":"WriteDacl","AceType":"","IsInherited":false},{"PrincipalSID":"S-1-5-21-280534878-1496970234-700767426-519","PrincipalType":"Unknown","RightName":"WriteOwner","AceType":"","IsInherited":false},{"PrincipalSID":"S-1-5-21-280534878-1496970234-700767426-519","PrincipalType":"Unknown","RightName":"GenericWrite","AceType":"","IsInherited":false},{"PrincipalSID":"S-1-5-21-1874506631-3219952063-538504511-512","PrincipalType":"Group","RightName":"WriteDacl","AceType":"","IsInherited":false},{"PrincipalSID":"S-1-5-21-1874506631-3219952063-538504511-512","PrincipalType":"Group","RightName":"WriteOwner","AceType":"","IsInherited":false},{"PrincipalSID":"S-1-5-21-1874506631-3219952063-538504511-512","PrincipalType":"Group","RightName":"GenericWrite","AceType":"","IsInherited":false}]},{"Properties":{"highvalue":false,"name":"REMOTE MANAGEMENT USERS@DOLLARCORP.MONEYCORP.LOCAL","domain":"DOLLARCORP.MONEYCORP.LOCAL","objectid":"DOLLARCORP.MONEYCORP.LOCAL-S-1-5-32-580","distinguishedname":"CN=Remote Management Users,CN=Builtin,DC=dollarcorp,DC=moneycorp,DC=local","description":"Members of this group can access WMI resources over management protocols (such as WS-Management via the Windows Remote Management service). This applies only to WMI namespaces that grant access to the user.","admincount":false},"Members":[],"ObjectIdentifier":"DOLLARCORP.MONEYCORP.LOCAL-S-1-5-32-580","Aces":[{"PrincipalSID":"DOLLARCORP.MONEYCORP.LOCAL-S-1-5-32-544","PrincipalType":"Group","RightName":"Owner","AceType":"","IsInherited":false},{"PrincipalSID":"DOLLARCORP.MONEYCORP.LOCAL-S-1-5-32-548","PrincipalType":"Group","RightName":"GenericAll","AceType":"","IsInherited":false},{"PrincipalSID":"S-1-5-21-1874506631-3219952063-538504511-512","PrincipalType":"Group","RightName":"GenericAll","AceType":"","IsInherited":false},{"PrincipalSID":"S-1-5-21-280534878-1496970234-700767426-519","PrincipalType":"Unknown","RightName":"GenericAll","AceType":"","IsInherited":true},{"PrincipalSID":"DOLLARCORP.MONEYCORP.LOCAL-S-1-5-32-544","PrincipalType":"Group","RightName":"WriteDacl","AceType":"","IsInherited":true},{"PrincipalSID":"DOLLARCORP.MONEYCORP.LOCAL-S-1-5-32-544","PrincipalType":"Group","RightName":"WriteOwner","AceType":"","IsInherited":true},{"PrincipalSID":"DOLLARCORP.MONEYCORP.LOCAL-S-1-5-32-544","PrincipalType":"Group","RightName":"GenericWrite","AceType":"","IsInherited":true}]},{"Properties":{"highvalue":false,"name":"ACCESS CONTROL ASSISTANCE OPERATORS@DOLLARCORP.MONEYCORP.LOCAL","domain":"DOLLARCORP.MONEYCORP.LOCAL","objectid":"DOLLARCORP.MONEYCORP.LOCAL-S-1-5-32-579","distinguishedname":"CN=Access Control Assistance Operators,CN=Builtin,DC=dollarcorp,DC=moneycorp,DC=local","description":"Members of this group can remotely query authorization attributes and permissions for resources on this computer.","admincount":false},"Members":[],"ObjectIdentifier":"DOLLARCORP.MONEYCORP.LOCAL-S-1-5-32-579","Aces":[{"PrincipalSID":"DOLLARCORP.MONEYCORP.LOCAL-S-1-5-32-544","PrincipalType":"Group","RightName":"Owner","AceType":"","IsInherited":false},{"PrincipalSID":"DOLLARCORP.MONEYCORP.LOCAL-S-1-5-32-548","PrincipalType":"Group","RightName":"GenericAll","AceType":"","IsInherited":false},{"PrincipalSID":"S-1-5-21-1874506631-3219952063-538504511-512","PrincipalType":"Group","RightName":"GenericAll","AceType":"","IsInherited":false},{"PrincipalSID":"S-1-5-21-280534878-1496970234-700767426-519","PrincipalType":"Unknown","RightName":"GenericAll","AceType":"","IsInherited":true},{"PrincipalSID":"DOLLARCORP.MONEYCORP.LOCAL-S-1-5-32-544","PrincipalType":"Group","RightName":"WriteDacl","AceType":"","IsInherited":true},{"PrincipalSID":"DOLLARCORP.MONEYCORP.LOCAL-S-1-5-32-544","PrincipalType":"Group","RightName":"WriteOwner","AceType":"","IsInherited":true},{"PrincipalSID":"DOLLARCORP.MONEYCORP.LOCAL-S-1-5-32-544","PrincipalType":"Group","RightName":"GenericWrite","AceType":"","IsInherited":true}]},{"Properties":{"highvalue":false,"name":"CERTIFICATE SERVICE DCOM ACCESS@DOLLARCORP.MONEYCORP.LOCAL","domain":"DOLLARCORP.MONEYCORP.LOCAL","objectid":"DOLLARCORP.MONEYCORP.LOCAL-S-1-5-32-574","distinguishedname":"CN=Certificate Service DCOM Access,CN=Builtin,DC=dollarcorp,DC=moneycorp,DC=local","description":"Members of this group are allowed to connect to Certification Authorities in the enterprise","admincount":false},"Members":[],"ObjectIdentifier":"DOLLARCORP.MONEYCORP.LOCAL-S-1-5-32-574","Aces":[{"PrincipalSID":"DOLLARCORP.MONEYCORP.LOCAL-S-1-5-32-544","PrincipalType":"Group","RightName":"Owner","AceType":"","IsInherited":false},{"PrincipalSID":"DOLLARCORP.MONEYCORP.LOCAL-S-1-5-32-548","PrincipalType":"Group","RightName":"GenericAll","AceType":"","IsInherited":false},{"PrincipalSID":"S-1-5-21-1874506631-3219952063-538504511-512","PrincipalType":"Group","RightName":"GenericAll","AceType":"","IsInherited":false},{"PrincipalSID":"S-1-5-21-280534878-1496970234-700767426-519","PrincipalType":"Unknown","RightName":"GenericAll","AceType":"","IsInherited":true},{"PrincipalSID":"DOLLARCORP.MONEYCORP.LOCAL-S-1-5-32-544","PrincipalType":"Group","RightName":"WriteDacl","AceType":"","IsInherited":true},{"PrincipalSID":"DOLLARCORP.MONEYCORP.LOCAL-S-1-5-32-544","PrincipalType":"Group","RightName":"WriteOwner","AceType":"","IsInherited":true},{"PrincipalSID":"DOLLARCORP.MONEYCORP.LOCAL-S-1-5-32-544","PrincipalType":"Group","RightName":"GenericWrite","AceType":"","IsInherited":true}]},{"Properties":{"highvalue":false,"name":"RAS AND IAS SERVERS@DOLLARCORP.MONEYCORP.LOCAL","domain":"DOLLARCORP.MONEYCORP.LOCAL","objectid":"S-1-5-21-1874506631-3219952063-538504511-553","distinguishedname":"CN=RAS and IAS Servers,CN=Users,DC=dollarcorp,DC=moneycorp,DC=local","description":"Servers in this group can access remote access properties of users","admincount":false},"Members":[],"ObjectIdentifier":"S-1-5-21-1874506631-3219952063-538504511-553","Aces":[{"PrincipalSID":"S-1-5-21-1874506631-3219952063-538504511-512","PrincipalType":"Group","RightName":"Owner","AceType":"","IsInherited":false},{"PrincipalSID":"DOLLARCORP.MONEYCORP.LOCAL-S-1-5-32-548","PrincipalType":"Group","RightName":"GenericAll","AceType":"","IsInherited":false},{"PrincipalSID":"S-1-5-21-1874506631-3219952063-538504511-512","PrincipalType":"Group","RightName":"GenericAll","AceType":"","IsInherited":false},{"PrincipalSID":"S-1-5-21-280534878-1496970234-700767426-519","PrincipalType":"Unknown","RightName":"GenericAll","AceType":"","IsInherited":true},{"PrincipalSID":"DOLLARCORP.MONEYCORP.LOCAL-S-1-5-32-544","PrincipalType":"Group","RightName":"WriteDacl","AceType":"","IsInherited":true},{"PrincipalSID":"DOLLARCORP.MONEYCORP.LOCAL-S-1-5-32-544","PrincipalType":"Group","RightName":"WriteOwner","AceType":"","IsInherited":true},{"PrincipalSID":"DOLLARCORP.MONEYCORP.LOCAL-S-1-5-32-544","PrincipalType":"Group","RightName":"GenericWrite","AceType":"","IsInherited":true}]},{"Properties":{"highvalue":false,"name":"TERMINAL SERVER LICENSE SERVERS@DOLLARCORP.MONEYCORP.LOCAL","domain":"DOLLARCORP.MONEYCORP.LOCAL","objectid":"DOLLARCORP.MONEYCORP.LOCAL-S-1-5-32-561","distinguishedname":"CN=Terminal Server License Servers,CN=Builtin,DC=dollarcorp,DC=moneycorp,DC=local","description":"Members of this group can update user accounts in Active Directory with information about license issuance, for the purpose of tracking and reporting TS Per User CAL usage","admincount":false},"Members":[],"ObjectIdentifier":"DOLLARCORP.MONEYCORP.LOCAL-S-1-5-32-561","Aces":[{"PrincipalSID":"S-1-5-21-1874506631-3219952063-538504511-512","PrincipalType":"Group","RightName":"Owner","AceType":"","IsInherited":false},{"PrincipalSID":"DOLLARCORP.MONEYCORP.LOCAL-S-1-5-32-548","PrincipalType":"Group","RightName":"GenericAll","AceType":"","IsInherited":false},{"PrincipalSID":"S-1-5-21-1874506631-3219952063-538504511-512","PrincipalType":"Group","RightName":"GenericAll","AceType":"","IsInherited":false},{"PrincipalSID":"S-1-5-21-280534878-1496970234-700767426-519","PrincipalType":"Unknown","RightName":"GenericAll","AceType":"","IsInherited":true},{"PrincipalSID":"DOLLARCORP.MONEYCORP.LOCAL-S-1-5-32-544","PrincipalType":"Group","RightName":"WriteDacl","AceType":"","IsInherited":true},{"PrincipalSID":"DOLLARCORP.MONEYCORP.LOCAL-S-1-5-32-544","PrincipalType":"Group","RightName":"WriteOwner","AceType":"","IsInherited":true},{"PrincipalSID":"DOLLARCORP.MONEYCORP.LOCAL-S-1-5-32-544","PrincipalType":"Group","RightName":"GenericWrite","AceType":"","IsInherited":true}]},{"Properties":{"highvalue":false,"name":"DISTRIBUTED COM USERS@DOLLARCORP.MONEYCORP.LOCAL","domain":"DOLLARCORP.MONEYCORP.LOCAL","objectid":"DOLLARCORP.MONEYCORP.LOCAL-S-1-5-32-562","distinguishedname":"CN=Distributed COM Users,CN=Builtin,DC=dollarcorp,DC=moneycorp,DC=local","description":"Members are allowed to launch, activate and use Distributed COM objects on this machine.","admincount":false},"Members":[],"ObjectIdentifier":"DOLLARCORP.MONEYCORP.LOCAL-S-1-5-32-562","Aces":[{"PrincipalSID":"DOLLARCORP.MONEYCORP.LOCAL-S-1-5-32-544","PrincipalType":"Group","RightName":"Owner","AceType":"","IsInherited":false},{"PrincipalSID":"DOLLARCORP.MONEYCORP.LOCAL-S-1-5-32-548","PrincipalType":"Group","RightName":"GenericAll","AceType":"","IsInherited":false},{"PrincipalSID":"S-1-5-21-1874506631-3219952063-538504511-512","PrincipalType":"Group","RightName":"GenericAll","AceType":"","IsInherited":false},{"PrincipalSID":"S-1-5-21-280534878-1496970234-700767426-519","PrincipalType":"Unknown","RightName":"GenericAll","AceType":"","IsInherited":true},{"PrincipalSID":"DOLLARCORP.MONEYCORP.LOCAL-S-1-5-32-544","PrincipalType":"Group","RightName":"WriteDacl","AceType":"","IsInherited":true},{"PrincipalSID":"DOLLARCORP.MONEYCORP.LOCAL-S-1-5-32-544","PrincipalType":"Group","RightName":"WriteOwner","AceType":"","IsInherited":true},{"PrincipalSID":"DOLLARCORP.MONEYCORP.LOCAL-S-1-5-32-544","PrincipalType":"Group","RightName":"GenericWrite","AceType":"","IsInherited":true}]},{"Properties":{"highvalue":true,"name":"DOMAIN ADMINS@DOLLARCORP.MONEYCORP.LOCAL","domain":"DOLLARCORP.MONEYCORP.LOCAL","objectid":"S-1-5-21-1874506631-3219952063-538504511-512","distinguishedname":"CN=Domain Admins,CN=Users,DC=dollarcorp,DC=moneycorp,DC=local","description":"Designated administrators of the domain","admincount":true},"Members":[{"MemberId":"S-1-5-21-1874506631-3219952063-538504511-1122","MemberType":"User"},{"MemberId":"S-1-5-21-1874506631-3219952063-538504511-500","MemberType":"User"}],"ObjectIdentifier":"S-1-5-21-1874506631-3219952063-538504511-512","Aces":[{"PrincipalSID":"S-1-5-21-1874506631-3219952063-538504511-512","PrincipalType":"Group","RightName":"Owner","AceType":"","IsInherited":false},{"PrincipalSID":"DOLLARCORP.MONEYCORP.LOCAL-S-1-5-32-544","PrincipalType":"Group","RightName":"WriteDacl","AceType":"","IsInherited":false},{"PrincipalSID":"DOLLARCORP.MONEYCORP.LOCAL-S-1-5-32-544","PrincipalType":"Group","RightName":"WriteOwner","AceType":"","IsInherited":false},{"PrincipalSID":"DOLLARCORP.MONEYCORP.LOCAL-S-1-5-32-544","PrincipalType":"Group","RightName":"GenericWrite","AceType":"","IsInherited":false},{"PrincipalSID":"S-1-5-21-280534878-1496970234-700767426-519","PrincipalType":"Unknown","RightName":"WriteDacl","AceType":"","IsInherited":false},{"PrincipalSID":"S-1-5-21-280534878-1496970234-700767426-519","PrincipalType":"Unknown","RightName":"WriteOwner","AceType":"","IsInherited":false},{"PrincipalSID":"S-1-5-21-280534878-1496970234-700767426-519","PrincipalType":"Unknown","RightName":"GenericWrite","AceType":"","IsInherited":false},{"PrincipalSID":"S-1-5-21-1874506631-3219952063-538504511-512","PrincipalType":"Group","RightName":"WriteDacl","AceType":"","IsInherited":false},{"PrincipalSID":"S-1-5-21-1874506631-3219952063-538504511-512","PrincipalType":"Group","RightName":"WriteOwner","AceType":"","IsInherited":false},{"PrincipalSID":"S-1-5-21-1874506631-3219952063-538504511-512","PrincipalType":"Group","RightName":"GenericWrite","AceType":"","IsInherited":false}]},{"Properties":{"highvalue":false,"name":"PRE-WINDOWS 2000 COMPATIBLE ACCESS@DOLLARCORP.MONEYCORP.LOCAL","domain":"DOLLARCORP.MONEYCORP.LOCAL","objectid":"DOLLARCORP.MONEYCORP.LOCAL-S-1-5-32-554","distinguishedname":"CN=Pre-Windows 2000 Compatible Access,CN=Builtin,DC=dollarcorp,DC=moneycorp,DC=local","description":"A backward compatibility group which allows read access on all users and groups in the domain","admincount":false},"Members":[{"MemberId":"DOLLARCORP.MONEYCORP.LOCAL-S-1-5-11","MemberType":"Group"}],"ObjectIdentifier":"DOLLARCORP.MONEYCORP.LOCAL-S-1-5-32-554","Aces":[{"PrincipalSID":"S-1-5-21-1874506631-3219952063-538504511-512","PrincipalType":"Group","RightName":"Owner","AceType":"","IsInherited":false},{"PrincipalSID":"DOLLARCORP.MONEYCORP.LOCAL-S-1-5-32-548","PrincipalType":"Group","RightName":"GenericAll","AceType":"","IsInherited":false},{"PrincipalSID":"S-1-5-21-1874506631-3219952063-538504511-512","PrincipalType":"Group","RightName":"GenericAll","AceType":"","IsInherited":false},{"PrincipalSID":"S-1-5-21-280534878-1496970234-700767426-519","PrincipalType":"Unknown","RightName":"GenericAll","AceType":"","IsInherited":true},{"PrincipalSID":"DOLLARCORP.MONEYCORP.LOCAL-S-1-5-32-544","PrincipalType":"Group","RightName":"WriteDacl","AceType":"","IsInherited":true},{"PrincipalSID":"DOLLARCORP.MONEYCORP.LOCAL-S-1-5-32-544","PrincipalType":"Group","RightName":"WriteOwner","AceType":"","IsInherited":true},{"PrincipalSID":"DOLLARCORP.MONEYCORP.LOCAL-S-1-5-32-544","PrincipalType":"Group","RightName":"GenericWrite","AceType":"","IsInherited":true}]},{"Properties":{"highvalue":true,"name":"GROUP POLICY CREATOR OWNERS@DOLLARCORP.MONEYCORP.LOCAL","domain":"DOLLARCORP.MONEYCORP.LOCAL","objectid":"S-1-5-21-1874506631-3219952063-538504511-520","distinguishedname":"CN=Group Policy Creator Owners,CN=Users,DC=dollarcorp,DC=moneycorp,DC=local","description":"Members in this group can modify group policy for the domain","admincount":false},"Members":[{"MemberId":"S-1-5-21-1874506631-3219952063-538504511-500","MemberType":"User"}],"ObjectIdentifier":"S-1-5-21-1874506631-3219952063-538504511-520","Aces":[{"PrincipalSID":"S-1-5-21-1874506631-3219952063-538504511-512","PrincipalType":"Group","RightName":"Owner","AceType":"","IsInherited":false},{"PrincipalSID":"DOLLARCORP.MONEYCORP.LOCAL-S-1-5-32-548","PrincipalType":"Group","RightName":"GenericAll","AceType":"","IsInherited":false},{"PrincipalSID":"S-1-5-21-1874506631-3219952063-538504511-512","PrincipalType":"Group","RightName":"GenericAll","AceType":"","IsInherited":false},{"PrincipalSID":"S-1-5-21-280534878-1496970234-700767426-519","PrincipalType":"Unknown","RightName":"GenericAll","AceType":"","IsInherited":true},{"PrincipalSID":"DOLLARCORP.MONEYCORP.LOCAL-S-1-5-32-544","PrincipalType":"Group","RightName":"WriteDacl","AceType":"","IsInherited":true},{"PrincipalSID":"DOLLARCORP.MONEYCORP.LOCAL-S-1-5-32-544","PrincipalType":"Group","RightName":"WriteOwner","AceType":"","IsInherited":true},{"PrincipalSID":"DOLLARCORP.MONEYCORP.LOCAL-S-1-5-32-544","PrincipalType":"Group","RightName":"GenericWrite","AceType":"","IsInherited":true}]},{"Properties":{"highvalue":false,"name":"RDS REMOTE ACCESS SERVERS@DOLLARCORP.MONEYCORP.LOCAL","domain":"DOLLARCORP.MONEYCORP.LOCAL","objectid":"DOLLARCORP.MONEYCORP.LOCAL-S-1-5-32-575","distinguishedname":"CN=RDS Remote Access Servers,CN=Builtin,DC=dollarcorp,DC=moneycorp,DC=local","description":"Servers in this group enable users of RemoteApp programs and personal virtual desktops access to these resources. In Internet-facing deployments, these servers are typically deployed in an edge network. This group needs to be populated on servers running RD Connection Broker. RD Gateway servers and RD Web Access servers used in the deployment need to be in this group.","admincount":false},"Members":[],"ObjectIdentifier":"DOLLARCORP.MONEYCORP.LOCAL-S-1-5-32-575","Aces":[{"PrincipalSID":"DOLLARCORP.MONEYCORP.LOCAL-S-1-5-32-544","PrincipalType":"Group","RightName":"Owner","AceType":"","IsInherited":false},{"PrincipalSID":"DOLLARCORP.MONEYCORP.LOCAL-S-1-5-32-548","PrincipalType":"Group","RightName":"GenericAll","AceType":"","IsInherited":false},{"PrincipalSID":"S-1-5-21-1874506631-3219952063-538504511-512","PrincipalType":"Group","RightName":"GenericAll","AceType":"","IsInherited":false},{"PrincipalSID":"S-1-5-21-280534878-1496970234-700767426-519","PrincipalType":"Unknown","RightName":"GenericAll","AceType":"","IsInherited":true},{"PrincipalSID":"DOLLARCORP.MONEYCORP.LOCAL-S-1-5-32-544","PrincipalType":"Group","RightName":"WriteDacl","AceType":"","IsInherited":true},{"PrincipalSID":"DOLLARCORP.MONEYCORP.LOCAL-S-1-5-32-544","PrincipalType":"Group","RightName":"WriteOwner","AceType":"","IsInherited":true},{"PrincipalSID":"DOLLARCORP.MONEYCORP.LOCAL-S-1-5-32-544","PrincipalType":"Group","RightName":"GenericWrite","AceType":"","IsInherited":true}]},{"Properties":{"highvalue":false,"name":"RDS ENDPOINT SERVERS@DOLLARCORP.MONEYCORP.LOCAL","domain":"DOLLARCORP.MONEYCORP.LOCAL","objectid":"DOLLARCORP.MONEYCORP.LOCAL-S-1-5-32-576","distinguishedname":"CN=RDS Endpoint Servers,CN=Builtin,DC=dollarcorp,DC=moneycorp,DC=local","description":"Servers in this group run virtual machines and host sessions where users RemoteApp programs and personal virtual desktops run. This group needs to be populated on servers running RD Connection Broker. RD Session Host servers and RD Virtualization Host servers used in the deployment need to be in this group.","admincount":false},"Members":[],"ObjectIdentifier":"DOLLARCORP.MONEYCORP.LOCAL-S-1-5-32-576","Aces":[{"PrincipalSID":"DOLLARCORP.MONEYCORP.LOCAL-S-1-5-32-544","PrincipalType":"Group","RightName":"Owner","AceType":"","IsInherited":false},{"PrincipalSID":"DOLLARCORP.MONEYCORP.LOCAL-S-1-5-32-548","PrincipalType":"Group","RightName":"GenericAll","AceType":"","IsInherited":false},{"PrincipalSID":"S-1-5-21-1874506631-3219952063-538504511-512","PrincipalType":"Group","RightName":"GenericAll","AceType":"","IsInherited":false},{"PrincipalSID":"S-1-5-21-280534878-1496970234-700767426-519","PrincipalType":"Unknown","RightName":"GenericAll","AceType":"","IsInherited":true},{"PrincipalSID":"DOLLARCORP.MONEYCORP.LOCAL-S-1-5-32-544","PrincipalType":"Group","RightName":"WriteDacl","AceType":"","IsInherited":true},{"PrincipalSID":"DOLLARCORP.MONEYCORP.LOCAL-S-1-5-32-544","PrincipalType":"Group","RightName":"WriteOwner","AceType":"","IsInherited":true},{"PrincipalSID":"DOLLARCORP.MONEYCORP.LOCAL-S-1-5-32-544","PrincipalType":"Group","RightName":"GenericWrite","AceType":"","IsInherited":true}]},{"Properties":{"highvalue":false,"name":"STORAGE REPLICA ADMINISTRATORS@DOLLARCORP.MONEYCORP.LOCAL","domain":"DOLLARCORP.MONEYCORP.LOCAL","objectid":"S-1-5-32-582","distinguishedname":"CN=Storage Replica Administrators,CN=Builtin,DC=dollarcorp,DC=moneycorp,DC=local","description":"Members of this group have complete and unrestricted access to all features of Storage Replica.","admincount":false},"Members":[],"ObjectIdentifier":"S-1-5-32-582","Aces":[{"PrincipalSID":"DOLLARCORP.MONEYCORP.LOCAL-S-1-5-32-544","PrincipalType":"Group","RightName":"Owner","AceType":"","IsInherited":false},{"PrincipalSID":"DOLLARCORP.MONEYCORP.LOCAL-S-1-5-32-548","PrincipalType":"Group","RightName":"GenericAll","AceType":"","IsInherited":false},{"PrincipalSID":"S-1-5-21-1874506631-3219952063-538504511-512","PrincipalType":"Group","RightName":"GenericAll","AceType":"","IsInherited":false},{"PrincipalSID":"S-1-5-21-280534878-1496970234-700767426-519","PrincipalType":"Unknown","RightName":"GenericAll","AceType":"","IsInherited":true},{"PrincipalSID":"DOLLARCORP.MONEYCORP.LOCAL-S-1-5-32-544","PrincipalType":"Group","RightName":"WriteDacl","AceType":"","IsInherited":true},{"PrincipalSID":"DOLLARCORP.MONEYCORP.LOCAL-S-1-5-32-544","PrincipalType":"Group","RightName":"WriteOwner","AceType":"","IsInherited":true},{"PrincipalSID":"DOLLARCORP.MONEYCORP.LOCAL-S-1-5-32-544","PrincipalType":"Group","RightName":"GenericWrite","AceType":"","IsInherited":true}]},{"Properties":{"highvalue":false,"name":"DNSADMINS@DOLLARCORP.MONEYCORP.LOCAL","domain":"DOLLARCORP.MONEYCORP.LOCAL","objectid":"S-1-5-21-1874506631-3219952063-538504511-1101","distinguishedname":"CN=DnsAdmins,CN=Users,DC=dollarcorp,DC=moneycorp,DC=local","description":"DNS Administrators Group","admincount":false},"Members":[{"MemberId":"S-1-5-21-1874506631-3219952063-538504511-1115","MemberType":"User"}],"ObjectIdentifier":"S-1-5-21-1874506631-3219952063-538504511-1101","Aces":[{"PrincipalSID":"DOLLARCORP.MONEYCORP.LOCAL-S-1-5-32-548","PrincipalType":"Group","RightName":"GenericAll","AceType":"","IsInherited":false},{"PrincipalSID":"S-1-5-21-1874506631-3219952063-538504511-512","PrincipalType":"Group","RightName":"GenericAll","AceType":"","IsInherited":false},{"PrincipalSID":"S-1-5-21-280534878-1496970234-700767426-519","PrincipalType":"Unknown","RightName":"GenericAll","AceType":"","IsInherited":true},{"PrincipalSID":"DOLLARCORP.MONEYCORP.LOCAL-S-1-5-32-544","PrincipalType":"Group","RightName":"WriteDacl","AceType":"","IsInherited":true},{"PrincipalSID":"DOLLARCORP.MONEYCORP.LOCAL-S-1-5-32-544","PrincipalType":"Group","RightName":"WriteOwner","AceType":"","IsInherited":true},{"PrincipalSID":"DOLLARCORP.MONEYCORP.LOCAL-S-1-5-32-544","PrincipalType":"Group","RightName":"GenericWrite","AceType":"","IsInherited":true}]},{"Properties":{"highvalue":false,"name":"WINDOWS AUTHORIZATION ACCESS GROUP@DOLLARCORP.MONEYCORP.LOCAL","domain":"DOLLARCORP.MONEYCORP.LOCAL","objectid":"DOLLARCORP.MONEYCORP.LOCAL-S-1-5-32-560","distinguishedname":"CN=Windows Authorization Access Group,CN=Builtin,DC=dollarcorp,DC=moneycorp,DC=local","description":"Members of this group have access to the computed tokenGroupsGlobalAndUniversal attribute on User objects","admincount":false},"Members":[{"MemberId":"MONEYCORP.LOCAL-S-1-5-9","MemberType":"Group"}],"ObjectIdentifier":"DOLLARCORP.MONEYCORP.LOCAL-S-1-5-32-560","Aces":[{"PrincipalSID":"S-1-5-21-1874506631-3219952063-538504511-512","PrincipalType":"Group","RightName":"Owner","AceType":"","IsInherited":false},{"PrincipalSID":"DOLLARCORP.MONEYCORP.LOCAL-S-1-5-32-548","PrincipalType":"Group","RightName":"GenericAll","AceType":"","IsInherited":false},{"PrincipalSID":"S-1-5-21-1874506631-3219952063-538504511-512","PrincipalType":"Group","RightName":"GenericAll","AceType":"","IsInherited":false},{"PrincipalSID":"S-1-5-21-280534878-1496970234-700767426-519","PrincipalType":"Unknown","RightName":"GenericAll","AceType":"","IsInherited":true},{"PrincipalSID":"DOLLARCORP.MONEYCORP.LOCAL-S-1-5-32-544","PrincipalType":"Group","RightName":"WriteDacl","AceType":"","IsInherited":true},{"PrincipalSID":"DOLLARCORP.MONEYCORP.LOCAL-S-1-5-32-544","PrincipalType":"Group","RightName":"WriteOwner","AceType":"","IsInherited":true},{"PrincipalSID":"DOLLARCORP.MONEYCORP.LOCAL-S-1-5-32-544","PrincipalType":"Group","RightName":"GenericWrite","AceType":"","IsInherited":true}]},{"Properties":{"highvalue":true,"name":"DOMAIN CONTROLLERS@DOLLARCORP.MONEYCORP.LOCAL","domain":"DOLLARCORP.MONEYCORP.LOCAL","objectid":"S-1-5-21-1874506631-3219952063-538504511-516","distinguishedname":"CN=Domain Controllers,CN=Users,DC=dollarcorp,DC=moneycorp,DC=local","description":"All domain controllers in the domain","admincount":true},"Members":[],"ObjectIdentifier":"S-1-5-21-1874506631-3219952063-538504511-516","Aces":[{"PrincipalSID":"S-1-5-21-1874506631-3219952063-538504511-512","PrincipalType":"Group","RightName":"Owner","AceType":"","IsInherited":false},{"PrincipalSID":"DOLLARCORP.MONEYCORP.LOCAL-S-1-5-32-544","PrincipalType":"Group","RightName":"WriteDacl","AceType":"","IsInherited":false},{"PrincipalSID":"DOLLARCORP.MONEYCORP.LOCAL-S-1-5-32-544","PrincipalType":"Group","RightName":"WriteOwner","AceType":"","IsInherited":false},{"PrincipalSID":"DOLLARCORP.MONEYCORP.LOCAL-S-1-5-32-544","PrincipalType":"Group","RightName":"GenericWrite","AceType":"","IsInherited":false},{"PrincipalSID":"S-1-5-21-280534878-1496970234-700767426-519","PrincipalType":"Unknown","RightName":"WriteDacl","AceType":"","IsInherited":false},{"PrincipalSID":"S-1-5-21-280534878-1496970234-700767426-519","PrincipalType":"Unknown","RightName":"WriteOwner","AceType":"","IsInherited":false},{"PrincipalSID":"S-1-5-21-280534878-1496970234-700767426-519","PrincipalType":"Unknown","RightName":"GenericWrite","AceType":"","IsInherited":false},{"PrincipalSID":"S-1-5-21-1874506631-3219952063-538504511-512","PrincipalType":"Group","RightName":"WriteDacl","AceType":"","IsInherited":false},{"PrincipalSID":"S-1-5-21-1874506631-3219952063-538504511-512","PrincipalType":"Group","RightName":"WriteOwner","AceType":"","IsInherited":false},{"PrincipalSID":"S-1-5-21-1874506631-3219952063-538504511-512","PrincipalType":"Group","RightName":"GenericWrite","AceType":"","IsInherited":false}]},{"Properties":{"highvalue":false,"name":"READ-ONLY DOMAIN CONTROLLERS@DOLLARCORP.MONEYCORP.LOCAL","domain":"DOLLARCORP.MONEYCORP.LOCAL","objectid":"S-1-5-21-1874506631-3219952063-538504511-521","distinguishedname":"CN=Read-only Domain Controllers,CN=Users,DC=dollarcorp,DC=moneycorp,DC=local","description":"Members of this group are Read-Only Domain Controllers in the domain","admincount":true},"Members":[],"ObjectIdentifier":"S-1-5-21-1874506631-3219952063-538504511-521","Aces":[{"PrincipalSID":"S-1-5-21-1874506631-3219952063-538504511-512","PrincipalType":"Group","RightName":"Owner","AceType":"","IsInherited":false},{"PrincipalSID":"DOLLARCORP.MONEYCORP.LOCAL-S-1-5-32-544","PrincipalType":"Group","RightName":"WriteDacl","AceType":"","IsInherited":false},{"PrincipalSID":"DOLLARCORP.MONEYCORP.LOCAL-S-1-5-32-544","PrincipalType":"Group","RightName":"WriteOwner","AceType":"","IsInherited":false},{"PrincipalSID":"DOLLARCORP.MONEYCORP.LOCAL-S-1-5-32-544","PrincipalType":"Group","RightName":"GenericWrite","AceType":"","IsInherited":false},{"PrincipalSID":"S-1-5-21-280534878-1496970234-700767426-519","PrincipalType":"Unknown","RightName":"WriteDacl","AceType":"","IsInherited":false},{"PrincipalSID":"S-1-5-21-280534878-1496970234-700767426-519","PrincipalType":"Unknown","RightName":"WriteOwner","AceType":"","IsInherited":false},{"PrincipalSID":"S-1-5-21-280534878-1496970234-700767426-519","PrincipalType":"Unknown","RightName":"GenericWrite","AceType":"","IsInherited":false},{"PrincipalSID":"S-1-5-21-1874506631-3219952063-538504511-512","PrincipalType":"Group","RightName":"WriteDacl","AceType":"","IsInherited":false},{"PrincipalSID":"S-1-5-21-1874506631-3219952063-538504511-512","PrincipalType":"Group","RightName":"WriteOwner","AceType":"","IsInherited":false},{"PrincipalSID":"S-1-5-21-1874506631-3219952063-538504511-512","PrincipalType":"Group","RightName":"GenericWrite","AceType":"","IsInherited":false}]},{"Properties":{"highvalue":false,"name":"ALLOWED RODC PASSWORD REPLICATION GROUP@DOLLARCORP.MONEYCORP.LOCAL","domain":"DOLLARCORP.MONEYCORP.LOCAL","objectid":"S-1-5-21-1874506631-3219952063-538504511-571","distinguishedname":"CN=Allowed RODC Password Replication Group,CN=Users,DC=dollarcorp,DC=moneycorp,DC=local","description":"Members in this group can have their passwords replicated to all read-only domain controllers in the domain","admincount":false},"Members":[],"ObjectIdentifier":"S-1-5-21-1874506631-3219952063-538504511-571","Aces":[{"PrincipalSID":"S-1-5-21-1874506631-3219952063-538504511-512","PrincipalType":"Group","RightName":"Owner","AceType":"","IsInherited":false},{"PrincipalSID":"DOLLARCORP.MONEYCORP.LOCAL-S-1-5-32-548","PrincipalType":"Group","RightName":"GenericAll","AceType":"","IsInherited":false},{"PrincipalSID":"S-1-5-21-1874506631-3219952063-538504511-512","PrincipalType":"Group","RightName":"GenericAll","AceType":"","IsInherited":false},{"PrincipalSID":"S-1-5-21-280534878-1496970234-700767426-519","PrincipalType":"Unknown","RightName":"GenericAll","AceType":"","IsInherited":true},{"PrincipalSID":"DOLLARCORP.MONEYCORP.LOCAL-S-1-5-32-544","PrincipalType":"Group","RightName":"WriteDacl","AceType":"","IsInherited":true},{"PrincipalSID":"DOLLARCORP.MONEYCORP.LOCAL-S-1-5-32-544","PrincipalType":"Group","RightName":"WriteOwner","AceType":"","IsInherited":true},{"PrincipalSID":"DOLLARCORP.MONEYCORP.LOCAL-S-1-5-32-544","PrincipalType":"Group","RightName":"GenericWrite","AceType":"","IsInherited":true}]},{"Properties":{"highvalue":false,"name":"PERFORMANCE LOG USERS@DOLLARCORP.MONEYCORP.LOCAL","domain":"DOLLARCORP.MONEYCORP.LOCAL","objectid":"DOLLARCORP.MONEYCORP.LOCAL-S-1-5-32-559","distinguishedname":"CN=Performance Log Users,CN=Builtin,DC=dollarcorp,DC=moneycorp,DC=local","description":"Members of this group may schedule logging of performance counters, enable trace providers, and collect event traces both locally and via remote access to this computer","admincount":false},"Members":[],"ObjectIdentifier":"DOLLARCORP.MONEYCORP.LOCAL-S-1-5-32-559","Aces":[{"PrincipalSID":"DOLLARCORP.MONEYCORP.LOCAL-S-1-5-32-544","PrincipalType":"Group","RightName":"Owner","AceType":"","IsInherited":false},{"PrincipalSID":"DOLLARCORP.MONEYCORP.LOCAL-S-1-5-32-548","PrincipalType":"Group","RightName":"GenericAll","AceType":"","IsInherited":false},{"PrincipalSID":"S-1-5-21-1874506631-3219952063-538504511-512","PrincipalType":"Group","RightName":"GenericAll","AceType":"","IsInherited":false},{"PrincipalSID":"S-1-5-21-280534878-1496970234-700767426-519","PrincipalType":"Unknown","RightName":"GenericAll","AceType":"","IsInherited":true},{"PrincipalSID":"DOLLARCORP.MONEYCORP.LOCAL-S-1-5-32-544","PrincipalType":"Group","RightName":"WriteDacl","AceType":"","IsInherited":true},{"PrincipalSID":"DOLLARCORP.MONEYCORP.LOCAL-S-1-5-32-544","PrincipalType":"Group","RightName":"WriteOwner","AceType":"","IsInherited":true},{"PrincipalSID":"DOLLARCORP.MONEYCORP.LOCAL-S-1-5-32-544","PrincipalType":"Group","RightName":"GenericWrite","AceType":"","IsInherited":true}]},{"Properties":{"highvalue":false,"name":"DOMAIN COMPUTERS@DOLLARCORP.MONEYCORP.LOCAL","domain":"DOLLARCORP.MONEYCORP.LOCAL","objectid":"S-1-5-21-1874506631-3219952063-538504511-515","distinguishedname":"CN=Domain Computers,CN=Users,DC=dollarcorp,DC=moneycorp,DC=local","description":"All workstations and servers joined to the domain","admincount":false},"Members":[],"ObjectIdentifier":"S-1-5-21-1874506631-3219952063-538504511-515","Aces":[{"PrincipalSID":"S-1-5-21-1874506631-3219952063-538504511-512","PrincipalType":"Group","RightName":"Owner","AceType":"","IsInherited":false},{"PrincipalSID":"DOLLARCORP.MONEYCORP.LOCAL-S-1-5-32-548","PrincipalType":"Group","RightName":"GenericAll","AceType":"","IsInherited":false},{"PrincipalSID":"S-1-5-21-1874506631-3219952063-538504511-512","PrincipalType":"Group","RightName":"GenericAll","AceType":"","IsInherited":false},{"PrincipalSID":"S-1-5-21-280534878-1496970234-700767426-519","PrincipalType":"Unknown","RightName":"GenericAll","AceType":"","IsInherited":true},{"PrincipalSID":"DOLLARCORP.MONEYCORP.LOCAL-S-1-5-32-544","PrincipalType":"Group","RightName":"WriteDacl","AceType":"","IsInherited":true},{"PrincipalSID":"DOLLARCORP.MONEYCORP.LOCAL-S-1-5-32-544","PrincipalType":"Group","RightName":"WriteOwner","AceType":"","IsInherited":true},{"PrincipalSID":"DOLLARCORP.MONEYCORP.LOCAL-S-1-5-32-544","PrincipalType":"Group","RightName":"GenericWrite","AceType":"","IsInherited":true}]},{"Properties":{"highvalue":false,"name":"CLONEABLE DOMAIN CONTROLLERS@DOLLARCORP.MONEYCORP.LOCAL","domain":"DOLLARCORP.MONEYCORP.LOCAL","objectid":"S-1-5-21-1874506631-3219952063-538504511-522","distinguishedname":"CN=Cloneable Domain Controllers,CN=Users,DC=dollarcorp,DC=moneycorp,DC=local","description":"Members of this group that are domain controllers may be cloned.","admincount":false},"Members":[],"ObjectIdentifier":"S-1-5-21-1874506631-3219952063-538504511-522","Aces":[{"PrincipalSID":"S-1-5-21-1874506631-3219952063-538504511-512","PrincipalType":"Group","RightName":"Owner","AceType":"","IsInherited":false},{"PrincipalSID":"DOLLARCORP.MONEYCORP.LOCAL-S-1-5-32-548","PrincipalType":"Group","RightName":"GenericAll","AceType":"","IsInherited":false},{"PrincipalSID":"S-1-5-21-1874506631-3219952063-538504511-512","PrincipalType":"Group","RightName":"GenericAll","AceType":"","IsInherited":false},{"PrincipalSID":"S-1-5-21-280534878-1496970234-700767426-519","PrincipalType":"Unknown","RightName":"GenericAll","AceType":"","IsInherited":true},{"PrincipalSID":"DOLLARCORP.MONEYCORP.LOCAL-S-1-5-32-544","PrincipalType":"Group","RightName":"WriteDacl","AceType":"","IsInherited":true},{"PrincipalSID":"DOLLARCORP.MONEYCORP.LOCAL-S-1-5-32-544","PrincipalType":"Group","RightName":"WriteOwner","AceType":"","IsInherited":true},{"PrincipalSID":"DOLLARCORP.MONEYCORP.LOCAL-S-1-5-32-544","PrincipalType":"Group","RightName":"GenericWrite","AceType":"","IsInherited":true}]},{"Properties":{"highvalue":false,"name":"KEY ADMINS@DOLLARCORP.MONEYCORP.LOCAL","domain":"DOLLARCORP.MONEYCORP.LOCAL","objectid":"S-1-5-21-1874506631-3219952063-538504511-526","distinguishedname":"CN=Key Admins,CN=Users,DC=dollarcorp,DC=moneycorp,DC=local","description":"Members of this group can perform administrative actions on key objects within the domain.","admincount":false},"Members":[],"ObjectIdentifier":"S-1-5-21-1874506631-3219952063-538504511-526","Aces":[{"PrincipalSID":"S-1-5-21-1874506631-3219952063-538504511-512","PrincipalType":"Group","RightName":"Owner","AceType":"","IsInherited":false},{"PrincipalSID":"DOLLARCORP.MONEYCORP.LOCAL-S-1-5-32-548","PrincipalType":"Group","RightName":"GenericAll","AceType":"","IsInherited":false},{"PrincipalSID":"S-1-5-21-1874506631-3219952063-538504511-512","PrincipalType":"Group","RightName":"GenericAll","AceType":"","IsInherited":false},{"PrincipalSID":"S-1-5-21-280534878-1496970234-700767426-519","PrincipalType":"Unknown","RightName":"GenericAll","AceType":"","IsInherited":true},{"PrincipalSID":"DOLLARCORP.MONEYCORP.LOCAL-S-1-5-32-544","PrincipalType":"Group","RightName":"WriteDacl","AceType":"","IsInherited":true},{"PrincipalSID":"DOLLARCORP.MONEYCORP.LOCAL-S-1-5-32-544","PrincipalType":"Group","RightName":"WriteOwner","AceType":"","IsInherited":true},{"PrincipalSID":"DOLLARCORP.MONEYCORP.LOCAL-S-1-5-32-544","PrincipalType":"Group","RightName":"GenericWrite","AceType":"","IsInherited":true}]},{"Properties":{"highvalue":false,"name":"RDPUSERS@DOLLARCORP.MONEYCORP.LOCAL","domain":"DOLLARCORP.MONEYCORP.LOCAL","objectid":"S-1-5-21-1874506631-3219952063-538504511-1116","distinguishedname":"CN=RDP Users,CN=Users,DC=dollarcorp,DC=moneycorp,DC=local","description":"RDP Users Group","admincount":false},"Members":[{"MemberId":"S-1-5-21-1874506631-3219952063-538504511-49662","MemberType":"User"},{"MemberId":"S-1-5-21-1874506631-3219952063-538504511-49661","MemberType":"User"},{"MemberId":"S-1-5-21-1874506631-3219952063-538504511-49660","MemberType":"User"},{"MemberId":"S-1-5-21-1874506631-3219952063-538504511-49659","MemberType":"User"},{"MemberId":"S-1-5-21-1874506631-3219952063-538504511-49658","MemberType":"User"},{"MemberId":"S-1-5-21-1874506631-3219952063-538504511-49657","MemberType":"User"},{"MemberId":"S-1-5-21-1874506631-3219952063-538504511-49656","MemberType":"User"},{"MemberId":"S-1-5-21-1874506631-3219952063-538504511-49654","MemberType":"User"},{"MemberId":"S-1-5-21-1874506631-3219952063-538504511-49653","MemberType":"User"},{"MemberId":"S-1-5-21-1874506631-3219952063-538504511-49652","MemberType":"User"},{"MemberId":"S-1-5-21-1874506631-3219952063-538504511-49651","MemberType":"User"},{"MemberId":"S-1-5-21-1874506631-3219952063-538504511-49650","MemberType":"User"},{"MemberId":"S-1-5-21-1874506631-3219952063-538504511-49649","MemberType":"User"},{"MemberId":"S-1-5-21-1874506631-3219952063-538504511-49648","MemberType":"User"},{"MemberId":"S-1-5-21-1874506631-3219952063-538504511-49646","MemberType":"User"},{"MemberId":"S-1-5-21-1874506631-3219952063-538504511-1131","MemberType":"User"}],"ObjectIdentifier":"S-1-5-21-1874506631-3219952063-538504511-1116","Aces":[{"PrincipalSID":"S-1-5-21-1874506631-3219952063-538504511-512","PrincipalType":"Group","RightName":"Owner","AceType":"","IsInherited":false},{"PrincipalSID":"DOLLARCORP.MONEYCORP.LOCAL-S-1-5-32-548","PrincipalType":"Group","RightName":"GenericAll","AceType":"","IsInherited":false},{"PrincipalSID":"S-1-5-21-1874506631-3219952063-538504511-512","PrincipalType":"Group","RightName":"GenericAll","AceType":"","IsInherited":false},{"PrincipalSID":"S-1-5-21-280534878-1496970234-700767426-519","PrincipalType":"Unknown","RightName":"GenericAll","AceType":"","IsInherited":true},{"PrincipalSID":"DOLLARCORP.MONEYCORP.LOCAL-S-1-5-32-544","PrincipalType":"Group","RightName":"WriteDacl","AceType":"","IsInherited":true},{"PrincipalSID":"DOLLARCORP.MONEYCORP.LOCAL-S-1-5-32-544","PrincipalType":"Group","RightName":"WriteOwner","AceType":"","IsInherited":true},{"PrincipalSID":"DOLLARCORP.MONEYCORP.LOCAL-S-1-5-32-544","PrincipalType":"Group","RightName":"GenericWrite","AceType":"","IsInherited":true}]},{"Properties":{"highvalue":false,"name":"PROTECTED USERS@DOLLARCORP.MONEYCORP.LOCAL","domain":"DOLLARCORP.MONEYCORP.LOCAL","objectid":"S-1-5-21-1874506631-3219952063-538504511-525","distinguishedname":"CN=Protected Users,CN=Users,DC=dollarcorp,DC=moneycorp,DC=local","description":"Members of this group are afforded additional protections against authentication security threats. See http://go.microsoft.com/fwlink/?LinkId=298939 for more information.","admincount":false},"Members":[],"ObjectIdentifier":"S-1-5-21-1874506631-3219952063-538504511-525","Aces":[{"PrincipalSID":"S-1-5-21-1874506631-3219952063-538504511-512","PrincipalType":"Group","RightName":"Owner","AceType":"","IsInherited":false},{"PrincipalSID":"DOLLARCORP.MONEYCORP.LOCAL-S-1-5-32-548","PrincipalType":"Group","RightName":"GenericAll","AceType":"","IsInherited":false},{"PrincipalSID":"S-1-5-21-1874506631-3219952063-538504511-512","PrincipalType":"Group","RightName":"GenericAll","AceType":"","IsInherited":false},{"PrincipalSID":"S-1-5-21-280534878-1496970234-700767426-519","PrincipalType":"Unknown","RightName":"GenericAll","AceType":"","IsInherited":true},{"PrincipalSID":"DOLLARCORP.MONEYCORP.LOCAL-S-1-5-32-544","PrincipalType":"Group","RightName":"WriteDacl","AceType":"","IsInherited":true},{"PrincipalSID":"DOLLARCORP.MONEYCORP.LOCAL-S-1-5-32-544","PrincipalType":"Group","RightName":"WriteOwner","AceType":"","IsInherited":true},{"PrincipalSID":"DOLLARCORP.MONEYCORP.LOCAL-S-1-5-32-544","PrincipalType":"Group","RightName":"GenericWrite","AceType":"","IsInherited":true}]},{"Properties":{"highvalue":false,"name":"DNSUPDATEPROXY@DOLLARCORP.MONEYCORP.LOCAL","domain":"DOLLARCORP.MONEYCORP.LOCAL","objectid":"S-1-5-21-1874506631-3219952063-538504511-1102","distinguishedname":"CN=DnsUpdateProxy,CN=Users,DC=dollarcorp,DC=moneycorp,DC=local","description":"DNS clients who are permitted to perform dynamic updates on behalf of some other clients (such as DHCP servers).","admincount":false},"Members":[],"ObjectIdentifier":"S-1-5-21-1874506631-3219952063-538504511-1102","Aces":[{"PrincipalSID":"DOLLARCORP.MONEYCORP.LOCAL-S-1-5-32-548","PrincipalType":"Group","RightName":"GenericAll","AceType":"","IsInherited":false},{"PrincipalSID":"S-1-5-21-1874506631-3219952063-538504511-512","PrincipalType":"Group","RightName":"GenericAll","AceType":"","IsInherited":false},{"PrincipalSID":"S-1-5-21-280534878-1496970234-700767426-519","PrincipalType":"Unknown","RightName":"GenericAll","AceType":"","IsInherited":true},{"PrincipalSID":"DOLLARCORP.MONEYCORP.LOCAL-S-1-5-32-544","PrincipalType":"Group","RightName":"WriteDacl","AceType":"","IsInherited":true},{"PrincipalSID":"DOLLARCORP.MONEYCORP.LOCAL-S-1-5-32-544","PrincipalType":"Group","RightName":"WriteOwner","AceType":"","IsInherited":true},{"PrincipalSID":"DOLLARCORP.MONEYCORP.LOCAL-S-1-5-32-544","PrincipalType":"Group","RightName":"GenericWrite","AceType":"","IsInherited":true}]},{"Properties":{"highvalue":false,"name":"DOMAIN GUESTS@DOLLARCORP.MONEYCORP.LOCAL","domain":"DOLLARCORP.MONEYCORP.LOCAL","objectid":"S-1-5-21-1874506631-3219952063-538504511-514","distinguishedname":"CN=Domain Guests,CN=Users,DC=dollarcorp,DC=moneycorp,DC=local","description":"All domain guests","admincount":false},"Members":[],"ObjectIdentifier":"S-1-5-21-1874506631-3219952063-538504511-514","Aces":[{"PrincipalSID":"S-1-5-21-1874506631-3219952063-538504511-512","PrincipalType":"Group","RightName":"Owner","AceType":"","IsInherited":false},{"PrincipalSID":"DOLLARCORP.MONEYCORP.LOCAL-S-1-5-32-548","PrincipalType":"Group","RightName":"GenericAll","AceType":"","IsInherited":false},{"PrincipalSID":"S-1-5-21-1874506631-3219952063-538504511-512","PrincipalType":"Group","RightName":"GenericAll","AceType":"","IsInherited":false},{"PrincipalSID":"S-1-5-21-280534878-1496970234-700767426-519","PrincipalType":"Unknown","RightName":"GenericAll","AceType":"","IsInherited":true},{"PrincipalSID":"DOLLARCORP.MONEYCORP.LOCAL-S-1-5-32-544","PrincipalType":"Group","RightName":"WriteDacl","AceType":"","IsInherited":true},{"PrincipalSID":"DOLLARCORP.MONEYCORP.LOCAL-S-1-5-32-544","PrincipalType":"Group","RightName":"WriteOwner","AceType":"","IsInherited":true},{"PrincipalSID":"DOLLARCORP.MONEYCORP.LOCAL-S-1-5-32-544","PrincipalType":"Group","RightName":"GenericWrite","AceType":"","IsInherited":true}]},{"Properties":{"highvalue":false,"name":"CERT PUBLISHERS@DOLLARCORP.MONEYCORP.LOCAL","domain":"DOLLARCORP.MONEYCORP.LOCAL","objectid":"S-1-5-21-1874506631-3219952063-538504511-517","distinguishedname":"CN=Cert Publishers,CN=Users,DC=dollarcorp,DC=moneycorp,DC=local","description":"Members of this group are permitted to publish certificates to the directory","admincount":false},"Members":[],"ObjectIdentifier":"S-1-5-21-1874506631-3219952063-538504511-517","Aces":[{"PrincipalSID":"S-1-5-21-1874506631-3219952063-538504511-512","PrincipalType":"Group","RightName":"Owner","AceType":"","IsInherited":false},{"PrincipalSID":"DOLLARCORP.MONEYCORP.LOCAL-S-1-5-32-548","PrincipalType":"Group","RightName":"GenericAll","AceType":"","IsInherited":false},{"PrincipalSID":"S-1-5-21-1874506631-3219952063-538504511-512","PrincipalType":"Group","RightName":"GenericAll","AceType":"","IsInherited":false},{"PrincipalSID":"S-1-5-21-280534878-1496970234-700767426-519","PrincipalType":"Unknown","RightName":"GenericAll","AceType":"","IsInherited":true},{"PrincipalSID":"DOLLARCORP.MONEYCORP.LOCAL-S-1-5-32-544","PrincipalType":"Group","RightName":"WriteDacl","AceType":"","IsInherited":true},{"PrincipalSID":"DOLLARCORP.MONEYCORP.LOCAL-S-1-5-32-544","PrincipalType":"Group","RightName":"WriteOwner","AceType":"","IsInherited":true},{"PrincipalSID":"DOLLARCORP.MONEYCORP.LOCAL-S-1-5-32-544","PrincipalType":"Group","RightName":"GenericWrite","AceType":"","IsInherited":true}]},{"Properties":{"highvalue":false,"name":"DOMAIN USERS@DOLLARCORP.MONEYCORP.LOCAL","domain":"DOLLARCORP.MONEYCORP.LOCAL","objectid":"S-1-5-21-1874506631-3219952063-538504511-513","distinguishedname":"CN=Domain Users,CN=Users,DC=dollarcorp,DC=moneycorp,DC=local","description":"All domain users","admincount":false},"Members":[],"ObjectIdentifier":"S-1-5-21-1874506631-3219952063-538504511-513","Aces":[{"PrincipalSID":"S-1-5-21-1874506631-3219952063-538504511-512","PrincipalType":"Group","RightName":"Owner","AceType":"","IsInherited":false},{"PrincipalSID":"DOLLARCORP.MONEYCORP.LOCAL-S-1-5-32-548","PrincipalType":"Group","RightName":"GenericAll","AceType":"","IsInherited":false},{"PrincipalSID":"S-1-5-21-1874506631-3219952063-538504511-512","PrincipalType":"Group","RightName":"GenericAll","AceType":"","IsInherited":false},{"PrincipalSID":"S-1-5-21-280534878-1496970234-700767426-519","PrincipalType":"Unknown","RightName":"GenericAll","AceType":"","IsInherited":true},{"PrincipalSID":"DOLLARCORP.MONEYCORP.LOCAL-S-1-5-32-544","PrincipalType":"Group","RightName":"WriteDacl","AceType":"","IsInherited":true},{"PrincipalSID":"DOLLARCORP.MONEYCORP.LOCAL-S-1-5-32-544","PrincipalType":"Group","RightName":"WriteOwner","AceType":"","IsInherited":true},{"PrincipalSID":"DOLLARCORP.MONEYCORP.LOCAL-S-1-5-32-544","PrincipalType":"Group","RightName":"GenericWrite","AceType":"","IsInherited":true}]},{"Properties":{"name":"ENTERPRISE DOMAIN CONTROLLERS@MONEYCORP.LOCAL","domain":"MONEYCORP.LOCAL"},"Members":[{"MemberId":"S-1-5-21-1874506631-3219952063-538504511-1000","MemberType":"Computer"}],"ObjectIdentifier":"MONEYCORP.LOCAL-S-1-5-9","Aces":[]},{"Properties":{"name":"EVERYONE@DOLLARCORP.MONEYCORP.LOCAL"},"Members":[{"MemberId":"S-1-5-21-1874506631-3219952063-538504511-515","MemberType":"Group"},{"MemberId":"S-1-5-21-1874506631-3219952063-538504511-513","MemberType":"Group"}],"ObjectIdentifier":"DOLLARCORP.MONEYCORP.LOCAL-S-1-1-0","Aces":[]},{"Properties":{"name":"AUTHENTICATED USERS@DOLLARCORP.MONEYCORP.LOCAL"},"Members":[{"MemberId":"S-1-5-21-1874506631-3219952063-538504511-515","MemberType":"Group"},{"MemberId":"S-1-5-21-1874506631-3219952063-538504511-513","MemberType":"Group"}],"ObjectIdentifier":"DOLLARCORP.MONEYCORP.LOCAL-S-1-5-11","Aces":[]},{"Properties":{"name":"ADMINISTRATORS@DOLLARCORP.MONEYCORP.LOCAL","domain":"DOLLARCORP.MONEYCORP.LOCAL"},"Members":[],"ObjectIdentifier":"DOLLARCORP.MONEYCORP.LOCAL-S-1-5-32-544","Aces":[]}],"meta":{"count":49,"type":"groups","version":3}}